id,date,idate,user,text,hashtag,photo,url
530147306260004864,Wed Nov 05 18:59:02 EST 2014,1415231942000,TechTalkGuy,Selling a #laptop without a #keyboard does not make it a #tablet??The #Microsoft #SurfacePro3 is a broken laptop??,laptop|keyboard|tablet|Microsoft|SurfacePro3,,
530146623469273088,Wed Nov 05 18:56:19 EST 2014,1415231779000,twittalesslouis,Thinking of purchasing a microsoft purchase pro. #tech #microsoft #tablets #help #pr #productivity #creativity,tech|microsoft|tablets|help|pr|productivity|creativity,,
530146341586886657,Wed Nov 05 18:55:12 EST 2014,1415231712000,FastTrackCorp,Microsoft tweaks its server specs as part of Open Compute Project #tech #microsoft,tech|microsoft,,http://t.co/9TJnwbkoYV
530145306797563905,Wed Nov 05 18:51:05 EST 2014,1415231465000,ftw_gamers,Visit for the latest news reviews articles & more #ps3 #ps4 #xboxone #xbox360 #3ds #wiiu #sony #microsoft #nintendo,ps3|ps4|xboxone|xbox360|3ds|wiiu|sony|microsoft|nintendo,,http://t.co/z5MtF9Sava
530144849538723840,Wed Nov 05 18:49:16 EST 2014,1415231356000,nyoung56,Ill be saying this next Tuesday!!!!! #masterchiefcollection #xboxone #microsoft ,masterchiefcollection|xboxone|microsoft,http://pbs.twimg.com/media/B1tz7mTCIAA33At.png,http://t.co/HFF5Fec3FY
530144803648860160,Wed Nov 05 18:49:05 EST 2014,1415231345000,microsoft_agen,From Inside the Cloud: What does Microsoft do to prepare for emerging security threats to Office 365? #microsoft ,microsoft,,http://t.co/y56CYmwC30
530144497066184704,Wed Nov 05 18:47:52 EST 2014,1415231272000,TheBuryGroup,#Microsoft and #Dropbox announce strategic partnership to give people more freedom in how they work ,Microsoft|Dropbox,,http://t.co/t5AznIaGy9
530144102990372864,Wed Nov 05 18:46:18 EST 2014,1415231178000,Woodi,#social #socialmedia #CorpGov #battlerot Is #Google About to Destroy #Microsoft? ,social|socialmedia|CorpGov|battlerot|Google|Microsoft,,http://t.co/Ooleb4dJ0b
530143998141165568,Wed Nov 05 18:45:53 EST 2014,1415231153000,crafterei,Surface 2 / Surface 2 PRO Felt Sleeve | LACE | | #surface #microsoft #case #Surface2Pro #Surface2,surface|microsoft|case|Surface2Pro|Surface2,,http://t.co/c5bEzd3kgm
530143729667944449,Wed Nov 05 18:44:49 EST 2014,1415231089000,MSFT_Buzz,Buy #MSFT Stock Into Years End: Shares of technology giant #Microsoft (MSFT) rallied more Tuesday to reach fr... ,MSFT|Microsoft,,http://t.co/5V8UP6UTKt
530143728657125376,Wed Nov 05 18:44:49 EST 2014,1415231089000,MSFT_Buzz,#Microsoft Band: New #MSFT Fitness Tracker Takes on FitBit: Of all the high-tech markets offering significant ... ,Microsoft|MSFT,,http://t.co/RQ93I1Dc5t
530143601775222786,Wed Nov 05 18:44:18 EST 2014,1415231058000,jeremyjhaines,#Microsoft tablets used as a facade to hide iPads and other #Apple devices.  M$ pays for product use / placement :-(,Microsoft|Apple,,http://t.co/qidMhWy421
530143595152412673,Wed Nov 05 18:44:17 EST 2014,1415231057000,CH_Digital,Kick in the face for #Microsoft as #CNN commentators use the Surface as an #iPad stand! ,Microsoft|CNN|iPad,,http://t.co/CzNn4BTVFB
530143519533322241,Wed Nov 05 18:43:59 EST 2014,1415231039000,Tech_All,#Microsoft #News: Microsoft to focus on search apps with Bing - Computerworld ,Microsoft|News,,http://t.co/bceP2pbSar
530143242033971202,Wed Nov 05 18:42:53 EST 2014,1415230973000,BoardMeeting8,Yesterday was really good :) We enjoyed every bit :) #BoardMeeting #Microsoft # Malaysia #SmartGovernance ,BoardMeeting|Microsoft|SmartGovernance,http://pbs.twimg.com/media/B1tyd-ZCUAE-MWL.jpg,
530143187986157569,Wed Nov 05 18:42:40 EST 2014,1415230960000,fstcat692,As a small business owner Windows 8 incompatibility with everything is driving me nuts! #microsoftoffice #Microsoft,microsoftoffice|Microsoft,,
530143080947515395,Wed Nov 05 18:42:14 EST 2014,1415230934000,xboxwiips,7net:??????????????????????????? #xbox #microsoft #sougofollow #??????,xbox|microsoft|sougofollow|??????,,http://t.co/kM0rp1zymy
530143077000679425,Wed Nov 05 18:42:13 EST 2014,1415230933000,zaralise123,Expression Web 2 Upgrade Edition (PC) #microsoft #software Christmas ,microsoft|software,http://pbs.twimg.com/media/B1tyUS_IEAAJr7N.jpg,http://t.co/Cd0bFKm0gn
530143026157330433,Wed Nov 05 18:42:01 EST 2014,1415230921000,KetchingupTom,And now for some good news   #goodnews #google #police #microsoft ,goodnews|google|police|microsoft,http://pbs.twimg.com/media/ByUHvT1CUAAgNmZ.jpg,http://t.co/qBcREAuVSd
530142944011890689,Wed Nov 05 18:41:42 EST 2014,1415230902000,preginald,Microsoft to focus on search apps with Bing - Computerworld #microsoft,microsoft,,http://t.co/11XuTCN4PT
530142771726647296,Wed Nov 05 18:41:01 EST 2014,1415230861000,MoreToolPower,And now for some good news   #goodnews #google #police #microsoft ,goodnews|google|police|microsoft,http://pbs.twimg.com/media/ByUHvT1CUAAgNmZ.jpg,http://t.co/hKn7fkoy1w
530142771420463105,Wed Nov 05 18:41:00 EST 2014,1415230860000,TentsnStuff,And now for some good news   #goodnews #google #police #microsoft ,goodnews|google|police|microsoft,http://pbs.twimg.com/media/ByUHvT1CUAAgNmZ.jpg,http://t.co/brbpZpE18Y
530142532437430272,Wed Nov 05 18:40:03 EST 2014,1415230803000,clickerdeals,Todays #bargain? Check #Microsoft Surface (32GB with Black Touch Cover) ##Windows8  #electronics #deals,bargain|Microsoft|Windows8|electronics|deals,,http://t.co/PCkznHLZ3f
530142330594934784,Wed Nov 05 18:39:15 EST 2014,1415230755000,ValeFonto,I just registered for the preview of #SkypeTranslator. For those who are interested in signing up too:  #microsoft,SkypeTranslator|microsoft,,http://t.co/4IlEZH6RJV
530142211422158849,Wed Nov 05 18:38:47 EST 2014,1415230727000,SanFranCronukle,Jawbone announces 2 activity trackrs #company #Microsoft #photo #SanFrancisco ,company|Microsoft|photo|SanFrancisco,,http://t.co/4NebeM86aI
530141769476743171,Wed Nov 05 18:37:02 EST 2014,1415230622000,ImAndreaGlass,Microsoft Opens Beta Testing for Real-Time Translation Service Skype Translator #skype #Microsoft #translation,skype|Microsoft|translation,,http://t.co/8cps0nCPgm
530141513901023232,Wed Nov 05 18:36:01 EST 2014,1415230561000,designieure,#Microsofts #Dropbox #Deal Shows Its Finally Starting to Get #Mobile - ,Microsoft|Dropbox|Deal|Mobile,,http://t.co/SNLXaNHiqp
530141307377700864,Wed Nov 05 18:35:11 EST 2014,1415230511000,myhosting,#Microsoft Partnering with #Dropbox to Integrate Dropbox with #Office365. #Cloud #Tech #It #IoT #Windows,Microsoft|Dropbox|Office365|Cloud|Tech|It|IoT|Windows,,
530141231091683328,Wed Nov 05 18:34:53 EST 2014,1415230493000,anandsays,#Microsoft to #phase out Nokia name ,Microsoft|phase,,http://t.co/ZhtCUHZq8S
530141070827339776,Wed Nov 05 18:34:15 EST 2014,1415230455000,757LiveAU,#Microsoft band review: The fitness watchband built for running needs to walk first - The Australian ,Microsoft,,http://t.co/3ZqzIEtd8c
530140459444609024,Wed Nov 05 18:31:49 EST 2014,1415230309000,RagavObject,Lets know about the new features of #visualstudio2014 by #microsoft - on #cloudzoo,visualstudio2014|microsoft|cloudzoo,,http://t.co/GFGjOmpBSv
530140445238497280,Wed Nov 05 18:31:46 EST 2014,1415230306000,YorkshireTaff,#Microsoft donates billions in software licences to charities around the world.,Microsoft,,
530140367690031105,Wed Nov 05 18:31:27 EST 2014,1415230287000,OakParkGirl,Love the fall colors here in Redmond at #Microsoft! :) #MVPSummit ,Microsoft|MVPSummit,http://pbs.twimg.com/media/B1tv2qQIUAAtyjA.jpg,
530140297926156288,Wed Nov 05 18:31:11 EST 2014,1415230271000,WBuzzer,It’s easy to work from home and manage tasks and teams using Skype #microsoft ,microsoft,http://pbs.twimg.com/media/B1tvysECIAM7DbZ.jpg,http://t.co/SkJbASKq4I
530140286693806082,Wed Nov 05 18:31:08 EST 2014,1415230268000,WBuzzer,Softcard announces support for Windows Phone #microsoft ,microsoft,http://pbs.twimg.com/media/B1tvyCNCQAA0Thk.png,http://t.co/rLS0i57M7N
530140258235867136,Wed Nov 05 18:31:01 EST 2014,1415230261000,CBTNuggets,New course from @Chris_CBTN! Learn more about #Microsoft @Lync Server 2013 70-337: ,Microsoft,http://pbs.twimg.com/media/B1tvwWKIIAABoOL.jpg,http://t.co/Mr8j6KVmO7
530139837815197696,Wed Nov 05 18:29:21 EST 2014,1415230161000,orlandooo_,Finally graduated from training?? #Microsoft,Microsoft,,
530139749504122881,Wed Nov 05 18:29:00 EST 2014,1415230140000,SMediaMonitors,Another Important #Microsoft #App Is About To Launch: Skype Translator #SkypeTranslator #Skype,Microsoft|App|SkypeTranslator|Skype,,http://t.co/4A74DJIapL
530139483543732224,Wed Nov 05 18:27:57 EST 2014,1415230077000,Paula_Whittle,#Microsoft inked a five-year $400 million #sponsorship with the #NFL last year: ,Microsoft|sponsorship|NFL,,http://t.co/g95IOyN1vv
530139384931422208,Wed Nov 05 18:27:33 EST 2014,1415230053000,TomMSFT,#Microsoft #Azure drives innovations in cloud security ,Microsoft|Azure,http://pbs.twimg.com/media/B1ttLEOIgAAmgWw.jpg,http://t.co/qJonNETLjX
530139384050237440,Wed Nov 05 18:27:33 EST 2014,1415230053000,mkasanm,#Microsoft #Azure drives innovations in cloud security ,Microsoft|Azure,http://pbs.twimg.com/media/B1ttLEOIgAAmgWw.jpg,http://t.co/Sq4u7jrVLT
530139383043604480,Wed Nov 05 18:27:33 EST 2014,1415230053000,Aoandosaraki,#Microsoft #Azure drives innovations in cloud security ,Microsoft|Azure,http://pbs.twimg.com/media/B1ttLEOIgAAmgWw.jpg,http://t.co/VSj67D7WmD
530139302571671552,Wed Nov 05 18:27:13 EST 2014,1415230033000,LeonHudson,#Microsoft partners with #Dropbox for online file-sharing ,Microsoft|Dropbox,,http://t.co/vxr7XmCB6W
530139274331426816,Wed Nov 05 18:27:07 EST 2014,1415230027000,ComputineLtd,10 more #followers until #computine get to 100! #Follow2BeFollowed #followback #IT #service #desk #microsoft,followers|computine|Follow2BeFollowed|followback|IT|service|desk|microsoft,,
530139220439228417,Wed Nov 05 18:26:54 EST 2014,1415230014000,malenii22,#Microsoft #Dropbox strike give-and-take #Office365 deal | Dropbox gets to survive ,Microsoft|Dropbox|Office365,,http://t.co/Dz8X1uSLnQ
530138952670253057,Wed Nov 05 18:25:50 EST 2014,1415229950000,jefkingabc,You should join me at this Meetup. Check it out and RSVP! #YVR #Meetup #Cloud #Azure #MS #Microsoft,YVR|Meetup|Cloud|Azure|MS|Microsoft,,http://t.co/y5XruG6uVU
530138588105560064,Wed Nov 05 18:24:23 EST 2014,1415229863000,TechTalkGuy,Stay tuned to my blog on the truth about #Microsofts clever false ads about their silly #tablet??#Facts#Truth,Microsoft|tablet|Facts|Truth,,
530138541456498689,Wed Nov 05 18:24:12 EST 2014,1415229852000,Brooklyn_Brand,New Xbox Called Xbox Infinity #Games #gaming #Infinity #Microsoft #rumors #Tech #VideoGames #xbox,Games|gaming|Infinity|Microsoft|rumors|Tech|VideoGames|xbox,,http://t.co/zfl6cNRWUJ
530138334841282561,Wed Nov 05 18:23:23 EST 2014,1415229803000,colinmasson,.@Marston’s Pubs are now hot spots thanks to #Microsoft #Social Listening and Microsoft Dynamics CRM via @MSFTNews,Microsoft|Social,,http://t.co/dJVFCCxiZ9
530137998772289536,Wed Nov 05 18:22:03 EST 2014,1415229723000,TechL0G,Microsoft Surface used as iPad kickstand on CNN live: Microsoft… #Apple #Microsoft #News |,Apple|Microsoft|News,,http://t.co/1FICWM5nhx|http://t.co/nWQr4dcnhM
530137795445391362,Wed Nov 05 18:21:14 EST 2014,1415229674000,TechTalkGuy,How #Pathetic: #Microsofts False #SurfacePro #Marketing Revealed?? ,Pathetic|Microsoft|SurfacePro|Marketing,,http://t.co/spCjywTkTd
530137291830738944,Wed Nov 05 18:19:14 EST 2014,1415229554000,tedgreenwald,#Cisco joins Open Compute Project (w/ #Facebook #Intel #Microsoft #Rackspace) for open data center hardware. ,Cisco|Facebook|Intel|Microsoft|Rackspace,,http://t.co/RTkDfh9tnP
530137237086670848,Wed Nov 05 18:19:01 EST 2014,1415229541000,SFCronickle,Jawbone announces 2 activity trackrs #company #heart #Microsoft #wearable ,company|heart|Microsoft|wearable,,http://t.co/TlTvcgqzXN
530136912577957891,Wed Nov 05 18:17:44 EST 2014,1415229464000,ShellyLuvsLisa,#AdvancedWarfare server back up & running now #xboxlive #Microsoft #CoDAW,AdvancedWarfare|xboxlive|Microsoft|CoDAW,,
530135333825179649,Wed Nov 05 18:11:27 EST 2014,1415229087000,FragranzeApps,? Get Pet Vet animal dentist game now on windows Phone! #pets #WindowsPhone #Microsoft #apps ,pets|WindowsPhone|Microsoft|apps,http://pbs.twimg.com/media/Bvw7Za1IYAAn1e-.jpg,http://t.co/Iu83OMd5g7
530135289986289664,Wed Nov 05 18:11:17 EST 2014,1415229077000,ASI_Solutions,#Microsoft #Dropbox strategic partnership to give people more freedom in how they work #cloud #apps,Microsoft|Dropbox|cloud|apps,,http://t.co/IcMTwQ6paQ
530135239062855680,Wed Nov 05 18:11:05 EST 2014,1415229065000,xboxwiips,7net:????????????????????????? #xbox #microsoft #sougofollow #??????,xbox|microsoft|sougofollow|??????,,http://t.co/5U1zbfDyvR
530135069672079361,Wed Nov 05 18:10:24 EST 2014,1415229024000,pixelmillteam,Shortly after the release of #microsoft band @TechCrunch breaks down myths surrounding #wearable technology.  ,microsoft|wearable,,http://t.co/MYtJ4tONtk
530134799059415040,Wed Nov 05 18:09:20 EST 2014,1415228960000,cmihaelcurtis,As a small business owner Windows 8 incompatibility with everything is driving me nuts! #microsoftoffice #Microsoft,microsoftoffice|Microsoft,,
530134314977996801,Wed Nov 05 18:07:24 EST 2014,1415228844000,sgaudin,#Microsofts head of search says theyre going to focus on #apps. #search,Microsoft|apps|search,,http://t.co/RtuQ4xWWRr
530132801098891264,Wed Nov 05 18:01:23 EST 2014,1415228483000,ShellyLuvsLisa,#AdvancedWarfare server always goes down when a new game is released #xboxlive #Microsoft not everyone having issues though!,AdvancedWarfare|xboxlive|Microsoft,,
530132778655174657,Wed Nov 05 18:01:18 EST 2014,1415228478000,myrtec,#Microsoft ahead of #Google in public cloud race ,Microsoft|Google,,http://t.co/F1s2SsWmCc
530132741929836546,Wed Nov 05 18:01:09 EST 2014,1415228469000,dimensionfour,Microsoft and Dropbox team up in mobile via @smh #microsoft #dropbox #mobile ,microsoft|dropbox|mobile,http://pbs.twimg.com/media/B1to63SIAAATmMm.jpg,http://t.co/MBFso1Bmvf
530132679044239360,Wed Nov 05 18:00:54 EST 2014,1415228454000,WBuzzer,Discovered: Here’s where Apple’s temporary Seattle office is located #microsoft,microsoft,,http://t.co/MrXKbMUJHj
530132676842225664,Wed Nov 05 18:00:54 EST 2014,1415228454000,WBuzzer,T-Mobile pops up support page HTC One M8 for Windows #microsoft ,microsoft,http://pbs.twimg.com/media/B1to3FLCQAApfDU.jpg,http://t.co/9oOKN78OXa
530132667946131456,Wed Nov 05 18:00:52 EST 2014,1415228452000,WBuzzer,A quick guide to Guided Workouts on the Microsoft Band #microsoft ,microsoft,http://pbs.twimg.com/media/B1to2jnCEAArnUl.jpg,http://t.co/4NSAwgqGJc
530132649474785280,Wed Nov 05 18:00:47 EST 2014,1415228447000,SierraCircuits,#Microsofts Band Device. #wearabletech Via @arstechnica,Microsoft|wearabletech,,http://t.co/lVCC9fG4Lc
530132615320571904,Wed Nov 05 18:00:39 EST 2014,1415228439000,myrtec,Whats inside the platform that powers #Microsoft Band? ,Microsoft,,http://t.co/T1NWMSzj7d
530132600426610688,Wed Nov 05 18:00:35 EST 2014,1415228435000,xyfon,#Microsoft preps preview of new version of its #Azure #SQL database-as-a-service  ,Microsoft|Azure|SQL,,http://t.co/BFROnEwRmz
530132565446131713,Wed Nov 05 18:00:27 EST 2014,1415228427000,mscurah,Date effectivity in #Microsoft #Dynamics #AX 2012 ,Microsoft|Dynamics|AX,,http://t.co/883N2IFoTE|http://t.co/CqY307pjP0
530132519443005440,Wed Nov 05 18:00:16 EST 2014,1415228416000,sdtimes,Steve Ballmer is finally becoming a man…in the eyes of the Jewish people anyway #Ballmer #Microsoft,Ballmer|Microsoft,,http://t.co/S4zJpuzN3y
530132233978253312,Wed Nov 05 17:59:08 EST 2014,1415228348000,oliverchaffe,Excel. Urgghhh. #microsoft,microsoft,,
530131889508470784,Wed Nov 05 17:57:46 EST 2014,1415228266000,kelly77_tweets,Hey #Microsoft all i want to do is check my email. I dont want to spend an hour trying to get verification codes. #frustrated,Microsoft|frustrated,,
530131621597691904,Wed Nov 05 17:56:42 EST 2014,1415228202000,thecamburgers,As a computer support specialist its all my fault: why yes its my fault your PC still runs #XP and #Microsoft no longer supports it.,XP|Microsoft,,
530131547974692864,Wed Nov 05 17:56:25 EST 2014,1415228185000,tEHgEeKnEwS,#Microsoft lists 100+ #Xbox One additions comes off desperate #PS4 #XboxOne ,Microsoft|Xbox|PS4|XboxOne,,http://t.co/Pvzyq3ZtVZ
530131474989977600,Wed Nov 05 17:56:07 EST 2014,1415228167000,KnowlesTeam,Want to live closer to everything on the East Side? #Townhome #Investors #Microsoft ,Kirkland|Townhome|Investors|Microsoft,http://pbs.twimg.com/media/B1tnxGMCEAApZwI.jpg,http://t.co/DpWkBmXU2A
530131401505402881,Wed Nov 05 17:55:50 EST 2014,1415228150000,RKudiyarov,It took 30 mins for two engineers to finally download #Windows distro from the #Microsoft website #verybadUX #UX,Windows|Microsoft|verybadUX|UX,,
530131182915420161,Wed Nov 05 17:54:58 EST 2014,1415228098000,designieure,#Microsoft #startup guru #RahulSood leaving to ... build a new startup - GeekWire - ,Microsoft|startup|RahulSood,,http://t.co/xVyKVDZ4dB
530131122844229632,Wed Nov 05 17:54:43 EST 2014,1415228083000,davidoshiro,LOL! CNN #Election Commentators Hide #iPads Behind #Microsoft #Surface #Tablets [Photos] ,Election|iPads|Microsoft|Surface|Tablets,,http://t.co/SLM5a17xIP
530130834746273792,Wed Nov 05 17:53:35 EST 2014,1415228015000,CadetChik,A Jackolyte finally worked?! #Destiny #Bungie #Activision #Xbox #XboxUK #XboxOne #Microsoft #Gaming… ,Destiny|Bungie|Activision|Xbox|XboxUK|XboxOne|Microsoft|Gaming,,http://t.co/TUpowLqyvP
530130607381413888,Wed Nov 05 17:52:40 EST 2014,1415227960000,andrew_konst,@ForbesTech here are guys on top #google #microsoft #apple #best #world #hightech #digital #good #cloud,google|microsoft|apple|best|world|hightech|digital|good|cloud,,
530130510761451521,Wed Nov 05 17:52:17 EST 2014,1415227937000,jopocop,This is #Microsoft’s most humiliating Surface product placement failure yet via @BGR ,Microsoft,,http://t.co/ErLqgBYbNh
530130383900114945,Wed Nov 05 17:51:47 EST 2014,1415227907000,DawidFerenczy,Why #Microsoft loves #Linux: ,Microsoft|Linux,,http://t.co/a7upVO93C7
530130381732061184,Wed Nov 05 17:51:47 EST 2014,1415227907000,wywoqofydazor,So much for EU privacy protection laws #Microsoft has been ordered to hand over overseas email data to the US tco/Ce,Microsoft,,
530129897168314368,Wed Nov 05 17:49:51 EST 2014,1415227791000,jitykacabyb,Calibrate your Surface Pro 3 pen in the just released Surface Hub app tco/RJ3oioShnD #SurfacePro3 #Microsoft tco/lhqIs,SurfacePro3|Microsoft,,
530129758919860226,Wed Nov 05 17:49:18 EST 2014,1415227758000,Java_King,#Apple and #Yahoo seem old by only using SMS for 2-factor authentication. The FreeOTP app works for #Google #Dropbox #Facebook #Microsoft,Apple|Yahoo|Google|Dropbox|Facebook|Microsoft,,
530129064108232704,Wed Nov 05 17:46:32 EST 2014,1415227592000,BitcoinzWoman,@BillGates: #bitcoin highlights the utility of #cryptocurrency  #altcoins #news #windows #microsoft,bitcoin|cryptocurrency|altcoins|news|windows|microsoft,,http://t.co/UaPd3Ylxde
530129043786452993,Wed Nov 05 17:46:28 EST 2014,1415227588000,dobly79,#Microsoft PPC Keyword Toolz: Create Google Adwords Microsoft Adcenter / Yahoo Campaigns In Minutes! Generate... ,Microsoft,,http://t.co/YwmT1UQJ83
530129043132141568,Wed Nov 05 17:46:27 EST 2014,1415227587000,dobly79,#Microsoft Dupeoff - Online Plagiarism And Duplicate Content Detection Software: Dupeoff Makes It Easy To Chec... ,Microsoft,,http://t.co/eNUWvNHPdN
530129042440081408,Wed Nov 05 17:46:27 EST 2014,1415227587000,dobly79,#Microsoft Get Ahead Fast: Do you wish you could find a great job quickly without chasing headhunters and recruiters? ,Microsoft,,http://t.co/XGWbDuSiax
530129041693491200,Wed Nov 05 17:46:27 EST 2014,1415227587000,dobly79,#Microsoft Writing Screenplays Script Formatting Add-in For Microsoft Word: Writing Screenplays Converts Micro... ,Microsoft,,http://t.co/pyjpRPkVHx
530129041014001664,Wed Nov 05 17:46:27 EST 2014,1415227587000,dobly79,#Microsoft Proofread Bot: Online Grammar Checker And Proofreading Tool With Cutting Edge Natural Language Proc... ,Microsoft,,http://t.co/YqDfl9WAq9
530128999377158144,Wed Nov 05 17:46:17 EST 2014,1415227577000,dlhno1,#Nokia should live forever #Microsoft you are erasing one of the best brands for quality and performance in the world,Nokia|Microsoft,,
530128894163419137,Wed Nov 05 17:45:52 EST 2014,1415227552000,MissMartens,#Apple #Microsoft And #Google Are Worlds Most Valuable Brands ,Apple|Microsoft|Google,,http://t.co/cRECrD9b1o
530128718199808000,Wed Nov 05 17:45:10 EST 2014,1415227510000,joelteitelbaum,CNN Discovers Promotional Surface Pros Make Fantastic iPad Stands #microsoft #fail #ipad #apple  ,microsoft|fail|ipad|apple,,http://t.co/FkdWZXuAjZ
530128559830888448,Wed Nov 05 17:44:32 EST 2014,1415227472000,OmegaMan,Glad to provide feedback (and to personally get guidance from) Lisa Cohen #Microsoft during the Summit. #MVPSummit,Microsoft|MVPSummit,,
530128139264221184,Wed Nov 05 17:42:52 EST 2014,1415227372000,Computertechnw,#Dropbox Teams Up With #Microsoft; #Amazon Offering Free SpaceSoon you can edit #Office files #stored in... ,Dropbox|Microsoft|Amazon|Office|stored,,http://t.co/4vsrCgXZmy
530128123971788801,Wed Nov 05 17:42:48 EST 2014,1415227368000,marciojmsilva,#Microsoft Band Doesnt Live Up to Expectations ,Microsoft,http://pbs.twimg.com/media/B1tkuEdIQAAEW0q.jpg,http://t.co/cOUxNBdrFe
530128085371613185,Wed Nov 05 17:42:39 EST 2014,1415227359000,JobsWave,New Post: #Microsoft SQL Server DBA (Woodland Hills) #LosAngeles #LA #Hiring #Job ,Microsoft|LosAngeles|LA|Hiring|Job,,http://t.co/gEt8GRb9IY
530127920732569601,Wed Nov 05 17:42:00 EST 2014,1415227320000,marciojmsilva,Dells Premier #Windows Tablet Speeds Up in the Chase After #Microsofts #Surface ,Windows|Microsoft|Surface,http://pbs.twimg.com/media/B1tkiOxIgAEgWDP.jpg,http://t.co/S93gO3dyoQ
530127195738353664,Wed Nov 05 17:39:07 EST 2014,1415227147000,PedroEstebanCR,#Microsoft ASUS X205TA $199 Windows Laptop With 12 Hours Battery Life Now Available For Order #WindowsPhone,Microsoft|WindowsPhone,,http://t.co/Eyzsm48sI8
530126941916262403,Wed Nov 05 17:38:06 EST 2014,1415227086000,RohitSinghSEO,#Microsoft T-Mobile pops up support page HTC One M8 for Windows ,Microsoft,,http://t.co/zT43dClGio
530126938619539457,Wed Nov 05 17:38:06 EST 2014,1415227086000,RohitSinghSEO,#Microsoft A quick guide to Guided Workouts on the Microsoft Band ,Microsoft,,http://t.co/84FiSZMvdK
530126692338376705,Wed Nov 05 17:37:07 EST 2014,1415227027000,dbottjer,#Microsoft #EnterpriseMobility Suite Cozies Up to Office ,Microsoft|EnterpriseMobility,,http://t.co/aKtg0flA9G|http://t.co/ofvzkT4IJq
530126659660169216,Wed Nov 05 17:36:59 EST 2014,1415227019000,Room_52,Dear #MicrosoftI have a Dell Venue Pro 8 running Windows 8.1. I love it.I would like a #Surface Pro 3 to show off to everyone.- Me,Microsoft|Surface,,
530126527972003840,Wed Nov 05 17:36:28 EST 2014,1415226988000,StauntonInc,@mashable Even hamsters use Windows. #microsoft,microsoft,,
530126506563883008,Wed Nov 05 17:36:23 EST 2014,1415226983000,davidbarclay99,Finally #microsoft remove the #VDI tax #VMware #horizon #vForumAU #TheAnywhereWorkplace ,microsoft|VDI|VMware|horizon|vForumAU|TheAnywhereWorkplace,http://pbs.twimg.com/media/B1tjPI_CEAA6Dww.jpg,http://t.co/ctVB2vuLls
530126355732922370,Wed Nov 05 17:35:47 EST 2014,1415226947000,netdigix,Will you be prepared? The clock is counting down! #windows #microsoft,windows|microsoft,,http://t.co/aV1g3whnMu
530126204498898944,Wed Nov 05 17:35:11 EST 2014,1415226911000,SuperExchange,Is #tesco where #Microsoft was when #Apple became cool Sir Terrys big problem!@LidlUK  @AldiUK @Netto_UK  #Discount,tesco|Microsoft|Apple|Discount,,http://t.co/dJ6Efnaiew
530126144352186368,Wed Nov 05 17:34:56 EST 2014,1415226896000,Room_52,Now this is just ridiculous: #Microsoft #Surface,Microsoft|Surface,,http://t.co/nENAseu8Cx
530125885610164224,Wed Nov 05 17:33:55 EST 2014,1415226835000,bhatiasachin,T-Mobile pops up support page HTC One M8 for Windows #WindowsPhone #Microsoft #Mobile ,WindowsPhone|Microsoft|Mobile,http://pbs.twimg.com/media/B1tirx8IgAETAYn.jpg,http://t.co/lGdptn6cXs
530125881621352448,Wed Nov 05 17:33:54 EST 2014,1415226834000,bhatiasachin,A quick guide to Guided Workouts on the Microsoft Band #WindowsPhone #Microsoft #Mobile ,WindowsPhone|Microsoft|Mobile,http://pbs.twimg.com/media/B1tirhIIIAApynr.jpg,http://t.co/t5jly07lGZ
530125353143246849,Wed Nov 05 17:31:48 EST 2014,1415226708000,RagavObject,Lets know about the new features of #visualstudio2014 by #microsoft - on #cloudzoo,visualstudio2014|microsoft|cloudzoo,,http://t.co/PJHNL8uIJz
530124990684086273,Wed Nov 05 17:30:21 EST 2014,1415226621000,cloudHQ_net,A first look at the #Microsoft Band #cloud ,Microsoft|cloud,http://pbs.twimg.com/media/B1th3rxIAAAP3gX.jpg,http://t.co/arX9mZ7qS6
530124686584066049,Wed Nov 05 17:29:09 EST 2014,1415226549000,WBuzzer,Dell to put depth-sensing 3D cameras in more Android Windows devices #microsoft ,microsoft,http://pbs.twimg.com/media/B1thl_MCYAAzkkz.jpg,http://t.co/aIMEPqanKR
530124332576800768,Wed Nov 05 17:27:44 EST 2014,1415226464000,marciojmsilva,#Microsofts #Surface Pro stunt fails as CNN election commentators stick to #iPad. ,Microsoft|Surface|iPad,,http://t.co/xoDF20vm7K
530124319792566272,Wed Nov 05 17:27:41 EST 2014,1415226461000,microsoft_agen,Bing as an IT Troubleshooting Tool - Windows IT Pro #microsoft ,microsoft,,http://t.co/74tYKMLzus
530124038291865600,Wed Nov 05 17:26:34 EST 2014,1415226394000,designieure,Improving #JavaScript: #Google throws #AtScript into the mixeven works with #Microsoft #TypeScriptvia @theregister,JavaScript|Google|AtScript|Microsoft|TypeScript,,http://t.co/2QJljjBFSv
530123769033928705,Wed Nov 05 17:25:30 EST 2014,1415226330000,timbarrett,Watching a live #HyperV demo that has 1800 running virtual machines at #MVPSummit.Well-played #Microsoft,HyperV|MVPSummit|Microsoft,,
530123720900112384,Wed Nov 05 17:25:18 EST 2014,1415226318000,Chris_Hoare,Oh dear. Rather epic marketing fail by #Microsoft... ,Microsoft,,http://t.co/5sgXOYi6nJ
530123367693578240,Wed Nov 05 17:23:54 EST 2014,1415226234000,feelisgood,#OS #news - Windows 10 is great – but it wont stop the PC from dying and taking Microsoft ... - ExtremeTech  #windows #microsoft,OS|news|windows|microsoft,,
530123134045659136,Wed Nov 05 17:22:59 EST 2014,1415226179000,ChefPhileas,#Microsoft to store #Lumia #Cinemagraph photos on #OneDrive starting in January #Wp8 #WindowsPhone,Microsoft|Lumia|Cinemagraph|OneDrive|Wp8|WindowsPhone,,http://t.co/RiNAAaZ1b0
530122630037114880,Wed Nov 05 17:20:58 EST 2014,1415226058000,fredderieke,Ai Wall Street Journal niet zo enthousiast over #Microsoft #Band: Ergonomically the wearable is pretty terrible - ,Microsoft|Band,,http://t.co/eB0EEcUb64
530122569945346048,Wed Nov 05 17:20:44 EST 2014,1415226044000,AeroCom_Inc,Office 365 LOL... #microsoft #funny ,microsoft|funny,http://pbs.twimg.com/media/B1tfqvVCIAAHqQB.jpg,
530122474361741312,Wed Nov 05 17:20:21 EST 2014,1415226021000,Dzfo,#Microsoft Windows Phone 8.1 OS Market Share Hits 40% ,Microsoft,,http://t.co/fGxfER7YU0
530122344329936896,Wed Nov 05 17:19:50 EST 2014,1415225990000,RohitSinghSEO,#Microsoft Qualcomm Q4 FY2014 earnings boosted by increase in chip sales ,Microsoft,,http://t.co/Qg1Zd5FqOm
530122036987691008,Wed Nov 05 17:18:37 EST 2014,1415225917000,ChefPhileas,Join the party for the #Halo: The Master Chief Collection launch at all #Microsoft Stores on Monday #Xbox   #XboxOne,Halo|Microsoft|Xbox|XboxOne,,http://t.co/PIDhtP6k8u
530121693025816576,Wed Nov 05 17:17:15 EST 2014,1415225835000,ambiteklearning,Enroll your child in our #YouthWithAmbition After-School Computer Learning Program #Microsoft #CompTIA #Education ,YouthWithAmbition|Microsoft|CompTIA|Education,http://pbs.twimg.com/media/B1te3HNCYAAFAHv.jpg,
530121268977467392,Wed Nov 05 17:15:34 EST 2014,1415225734000,applaudservices,#tbt to last Thursday Oct 30 The Future of Collaboration with #Microsoft & #Citrix ,tbt|Microsoft|Citrix,,http://t.co/G51lqgFqGf
530121244335935488,Wed Nov 05 17:15:28 EST 2014,1415225728000,BCYV13,For Microsoft Outlook for Mac 2015 has come early #microsoft #mac #apple #outlook #tech #business #dallas #texas ,microsoft|mac|apple|outlook|tech|business|dallas|texas,,http://t.co/S5nx3NxKJZ
530121243270590464,Wed Nov 05 17:15:28 EST 2014,1415225728000,LinuxForYou,#Microsoft Gives First View Of #Azure-Consistent Cloud In A Box For Customers ,Microsoft|Azure,,http://t.co/ADUprAtylp
530121164136656897,Wed Nov 05 17:15:09 EST 2014,1415225709000,jsweeney_ibrs,#Microsoft #Windows gets per user licensing: official page.  Will take me a week or two to do modelling. ,Microsoft|Windows,,http://t.co/yyhXqxHsrE
530120605983838208,Wed Nov 05 17:12:56 EST 2014,1415225576000,GamesDoneLegit,Crazy list of #videogames sales atm from @kotaku #microsoft #sony #nintendo ,videogames|microsoft|sony|nintendo,,http://t.co/KRynRLlF6m
530120305432199169,Wed Nov 05 17:11:44 EST 2014,1415225504000,lito_lupena,unfortunately for #microsoft this is just another of several gaffed sponsorships its had over the last few months... ,microsoft,http://pbs.twimg.com/media/B1tdmINCcAAliRU.jpg,
530120290785697793,Wed Nov 05 17:11:41 EST 2014,1415225501000,FixForLessPC,IoT Security Does Not Have to be an Oxymoron #microsoft #security,microsoft|security,,http://t.co/ZPGsZYj5QM
530120120320806912,Wed Nov 05 17:11:00 EST 2014,1415225460000,WailamBant,Why Windows 10 may be the answer? #Microsoft,Microsoft,,http://t.co/NvL1aANyPP
530120005158178816,Wed Nov 05 17:10:33 EST 2014,1415225433000,Fouhoud,Why I left my $254895 PM role at #Microsoft to start a Seattle #tech #startup | Adam Herscher ,Microsoft|tech|startup,,https://t.co/2BhNXcUJzW
530119973403115520,Wed Nov 05 17:10:25 EST 2014,1415225425000,Brittenford,Check out the Project Enhancements of #Microsoft Dynamics SL 2015 ,Microsoft,,http://t.co/oKqUC3Z8Vq
530119501338406914,Wed Nov 05 17:08:32 EST 2014,1415225312000,CihanKaygusuz,How to fix any computer? #Microsoft #Windows #Apple #OSX #Linux ,Microsoft|Windows|Apple|OSX|Linux,http://pbs.twimg.com/media/B1tc4DkCQAEW1if.jpg,http://t.co/3tg9m9CWnR
530118913997025280,Wed Nov 05 17:06:12 EST 2014,1415225172000,lito_lupena,#CNN talking heads caught using sponsor #microsofts #surfacePRO3 as #ipad kickstand! ,CNN|microsoft|surfacePRO3|ipad,http://pbs.twimg.com/media/B1tcV-aCcAAkCLz.jpg,
530118875040743424,Wed Nov 05 17:06:03 EST 2014,1415225163000,CadetChik,Gotta love the MIDA MULTI-TOOL #Destiny #Bungie #Activision #Xbox #XboxUk #XboxOne #Microsoft… ,Destiny|Bungie|Activision|Xbox|XboxUk|XboxOne|Microsoft,,http://t.co/7mPwaNi26f
530118604235100160,Wed Nov 05 17:04:59 EST 2014,1415225099000,tc1935,Win A Surface Pro3 Bundle @  #surfacepro #microsoft #tablet ,surfacepro|microsoft|tablet,,http://t.co/ZFRjFXS9zJ|http://t.co/fxpl8oqlsP
530117703861035008,Wed Nov 05 17:01:24 EST 2014,1415224884000,DiscoMelee,Xbox lead man Phil Spencer talks about Microsofts future plans for PC gaming #xbox #microsoft #gaming #pcgaming,xbox|microsoft|gaming|pcgaming,,http://t.co/RVmGJwNULB
530117507252621312,Wed Nov 05 17:00:37 EST 2014,1415224837000,ISITele,The Newest Tool to Improve Healthcare: Part 2 #Healthcare #Microsoft #Cisco #Avaya ,Healthcare|Microsoft|Cisco|Avaya,http://pbs.twimg.com/media/B1tbEEHCQAApUwT.png,http://t.co/TSOkqRwIdp
530117471471415296,Wed Nov 05 17:00:28 EST 2014,1415224828000,NordicKay,#Dropbox #Microsoft Announce Partnership Tight Integration -#tech,Dropbox|Microsoft|tech,,http://t.co/9mAN9xVhDf
530116809052393472,Wed Nov 05 16:57:51 EST 2014,1415224671000,0x7ba07c,Re-imagining banking with Kinect for Windows #microsoft,microsoft,,http://t.co/Vvv0jjbvKO
530116805898276864,Wed Nov 05 16:57:50 EST 2014,1415224670000,0x7ba07c,Free Xamarin Cross-Platform Tools for Students #microsoft,microsoft,,http://t.co/or9b0PRqm1
530116796653662209,Wed Nov 05 16:57:48 EST 2014,1415224668000,ChloeMS,#CNNs election night coverage featured #Microsofts #Surface being used as an #iPad stand. #Apple,CNN|Microsoft|Surface|iPad|Apple,,http://t.co/uAzghqn5WQ
530116564003979264,Wed Nov 05 16:56:52 EST 2014,1415224612000,__hdkuelsoocjjj,Re-imagining banking with Kinect for Windows #Microsoft #Kinect,Microsoft|Kinect,,http://t.co/pTkLrmyWog
530116424685981696,Wed Nov 05 16:56:19 EST 2014,1415224579000,WBuzzer,Re-imagining banking with Kinect for Windows #microsoft ,microsoft,http://pbs.twimg.com/media/B1taFFJCQAITTes.jpg,http://t.co/ax2gO0Bfbt
530115546592063490,Wed Nov 05 16:52:50 EST 2014,1415224370000,atoms2bits,[AppleTell] #Microsoft to integrate #Dropbox to its #Cloud and #mobile #apps ,Microsoft|Dropbox|Cloud|mobile|apps,,http://t.co/O0kjd7uPSK
530115525121429505,Wed Nov 05 16:52:44 EST 2014,1415224364000,Tech_All,#Microsoft #News: Microsoft Band: New MSFT Fitness Tracker Takes on FitBit - ,Microsoft|News,,http://t.co/kRnLAQnpQW|http://t.co/prIXRk79Ci
530115376315891713,Wed Nov 05 16:52:09 EST 2014,1415224329000,Mobile_TxPrtz,This is #Microsoft’s most #humiliating Surface product placement #failure yet-,Microsoft|humiliating|failure,,http://t.co/fb9PZISYL3
530115355910610944,Wed Nov 05 16:52:04 EST 2014,1415224324000,xtiantweet,Ive finished #Quick #Start #Challenge: Touch Support Using #openFrameworks on #Microsoft #MSVirtAcademy #MSLearning,Quick|Start|Challenge|openFrameworks|Microsoft|MSVirtAcademy|MSLearning,,
530114711460012032,Wed Nov 05 16:49:30 EST 2014,1415224170000,preginald,Microsoft Band: New MSFT Fitness Tracker Takes on FitBit - #microsoft,microsoft,,http://t.co/pOitP7xkIM|http://t.co/wcrj5WqJDY
530113711491784704,Wed Nov 05 16:45:32 EST 2014,1415223932000,LogRhythm,#Microsoft warns users of #Crowti #ransomware following a swell in reported attacks @threatpost ,Microsoft|Crowti|ransomware,,http://t.co/0Qm7oGo1hU
530113647235067904,Wed Nov 05 16:45:17 EST 2014,1415223917000,EricToral1975,#Microsoft #CEO #Satya #Nadella Says #Microsoft #Loves #Linux - ,Microsoft|CEO|Satya|Nadella|Microsoft|Loves|Linux,,http://t.co/oskK8rQNfa
530113495967498241,Wed Nov 05 16:44:41 EST 2014,1415223881000,L3vel1,Lego Batman 3 : deux trailers du making of #PC-MAC-WEBetMOBILES #SONY #MICROSOFT #NINTENDO,PC|SONY|MICROSOFT|NINTENDO,,http://t.co/a698dH5D2U
530113056257622016,Wed Nov 05 16:42:56 EST 2014,1415223776000,HeliraDesign,@onedrive we know we use and above all we #like #microsoft #OneDrive,like|microsoft|OneDrive,,
530112863470624768,Wed Nov 05 16:42:10 EST 2014,1415223730000,Appleolizer,CNN commentators were caught using their sponsored #Microsoft tablets as iPad stands.... ,Microsoft,http://pbs.twimg.com/media/B1tW1ynIQAAVsk8.jpg,http://t.co/lBcSZMvwrE
530112504433999873,Wed Nov 05 16:40:44 EST 2014,1415223644000,757LiveUS,#Microsofts TV product placement horror: CNN mistakes Surface tabs for iPAD ... - Register ,Microsoft,,http://t.co/MIBIKUtrqi
530112493717184512,Wed Nov 05 16:40:42 EST 2014,1415223642000,WBuzzer,Review: Urban Armor Gear for the Surface Pro 3 #microsoft ,microsoft,http://pbs.twimg.com/media/B1tWgRZCQAAu3f5.jpg,http://t.co/fyMvRXzUTE
530112205291679744,Wed Nov 05 16:39:33 EST 2014,1415223573000,discoveryvip,Learn about Microsoft Visio 2007 Online #Microsoft #Visio #TUTORIAL #discoveryvip,Microsoft|Visio|TUTORIAL|discoveryvip,,http://t.co/w3GcdmZhDx
530111633394532352,Wed Nov 05 16:37:17 EST 2014,1415223437000,ProSEOUnlimited,#XNews #Grabit #Microsoft outlook express will work with our newsgroup service. ,XNews|Grabit|Microsoft,,http://t.co/Du66RUKR5n
530111195009662976,Wed Nov 05 16:35:32 EST 2014,1415223332000,jlindahlj,Win A Surface Pro3 Bundle @  #surfacepro #microsoft #tablet ,surfacepro|microsoft|tablet,,http://t.co/rb15kcrfUd|http://t.co/MMKCzvfzh3
530110811264811008,Wed Nov 05 16:34:01 EST 2014,1415223241000,atoms2bits,#Microsoft and #Dropbox join forces to enable efficient #Office #Cloud #Integration ,Microsoft|Dropbox|Office|Cloud|Integration,,http://t.co/jFqCZ18GcV
530110723880660993,Wed Nov 05 16:33:40 EST 2014,1415223220000,atoms2bits,#Microsoft and #Dropbox #Team up to put #Office in the #Cloud and ease the #Work of #Millions ,Microsoft|Dropbox|Team|Office|Cloud|Work|Millions,http://pbs.twimg.com/media/B1tU5QDIIAETE0R.jpg,http://t.co/tp3QPiisas
530110705467260928,Wed Nov 05 16:33:35 EST 2014,1415223215000,josedavidg,RDC Engineer_ Active Directory  #microsoft,microsoft,,
530110611703599105,Wed Nov 05 16:33:13 EST 2014,1415223193000,dobly79,#Microsoft Dupeoff - Online Plagiarism And Duplicate Content Detection Software: Dupeoff Makes It Easy To Chec... ,Microsoft,,http://t.co/1jPxiKAx3e
530110610017505281,Wed Nov 05 16:33:13 EST 2014,1415223193000,dobly79,#Microsoft Proofread Bot: Online Grammar Checker And Proofreading Tool With Cutting Edge Natural Language Proc... ,Microsoft,,http://t.co/pPe63VJUHW
530110510675402752,Wed Nov 05 16:32:49 EST 2014,1415223169000,chromiumman,Win A Surface Pro3 Bundle @  #surfacepro #microsoft #tablet ,surfacepro|microsoft|tablet,,http://t.co/ctGYh6sfmI|http://t.co/llrJH9KbSY
530110330303938560,Wed Nov 05 16:32:06 EST 2014,1415223126000,mikethebbop,#Microsoft announces major update 2 #Azure #SQL Database adds free tier #AzureMachineLearning: #machinelearning,Microsoft|Azure|SQL|AzureMachineLearning|machinelearning,,http://t.co/j05HxU3vmE
530109845090107392,Wed Nov 05 16:30:10 EST 2014,1415223010000,DealNewsBot,#Microsoft #Xbox One 500GB Console for $320 + $13 s&h #DealNews,Microsoft|Xbox|DealNews,,http://t.co/uqxINMNVGh
530109407460216832,Wed Nov 05 16:28:26 EST 2014,1415222906000,SPCPartyPatrol,@evilazaro Walking on campus be like #MVPSummit #Redmond #Microsoft #Campus ,MVPSummit|Redmond|Microsoft|Campus,http://pbs.twimg.com/media/B1tTsk8CQAAtgNo.jpg,
530109307388710912,Wed Nov 05 16:28:02 EST 2014,1415222882000,TheBashar,#Microsoft Surface Loses on Election Night as CNN Commentators Use It as iPad Kickstand #gadgets  ,Microsoft|gadgets,,http://t.co/cW5nAg19Bv
530109219593535488,Wed Nov 05 16:27:41 EST 2014,1415222861000,KeithGroom2,The new #Microsoft #Enterprise Cloud Suite is simplifies licensing for clients around @Office365 Its a user based licensing model.  Call us.,Microsoft|Enterprise,,
530109203528970240,Wed Nov 05 16:27:37 EST 2014,1415222857000,martano,Busted! #Surface tablets used as iPad stands during CNN election coverage #surface #microsoft,Surface|surface|microsoft,,http://t.co/A1eWoFACkA
530109179407507456,Wed Nov 05 16:27:31 EST 2014,1415222851000,markbriggeman,#Microsoft #Band in stock in.... Las Vegas! #FashionShow and .... Oakbrook IL.,Microsoft|Band|FashionShow,,
530108837618257920,Wed Nov 05 16:26:10 EST 2014,1415222770000,techChirag,#Microsoft and #Dropbox announce strategic partnership to give people more freedom in how they work ,Microsoft|Dropbox,,http://t.co/Jj6hfrucAt
530108389741694976,Wed Nov 05 16:24:23 EST 2014,1415222663000,WBuzzer,A look at innovative tech driving the impending demise of the game console #microsoft ,microsoft,http://pbs.twimg.com/media/B1tSxYnCEAABt8y.jpg,http://t.co/oxlfwgGX7A
530107369372393472,Wed Nov 05 16:20:20 EST 2014,1415222420000,jaismathews,Oops. Hilarious unintended blow to #microsoft #SurfacePro3 . ,microsoft|SurfacePro3,,http://t.co/yodT3ILc96
530107338364301312,Wed Nov 05 16:20:13 EST 2014,1415222413000,LinuxForYou,#Microsoft Releases New Outlook For #Mac ,Microsoft|Mac,,http://t.co/hRy9uCM8f2
530107314947489793,Wed Nov 05 16:20:07 EST 2014,1415222407000,0x7ba07c,Easy Flipped Learning with Office Mix #microsoft,microsoft,,http://t.co/abXG3u4Yde
530107193543376899,Wed Nov 05 16:19:38 EST 2014,1415222378000,aidaakl,@gamespot @EddieMakuch #XboxLive Struggling On #XboxOne [UPDATE] by Eddie Makuch #Microsoft,XboxLive|XboxOne|Microsoft,,http://t.co/4UuvVgT2i2
530106966602182657,Wed Nov 05 16:18:44 EST 2014,1415222324000,rollerderbydave,Our latest Waves of Tech #podcast is out!! We discuss #SpaceShipTwo #Microsoft news #RokuTV! (@netcaststudio) ,podcast|SpaceShipTwo|Microsoft|RokuTV,,http://t.co/T6nHCxeuME
530106641820442624,Wed Nov 05 16:17:26 EST 2014,1415222246000,Odanessy,I am waiting for new users on my windows 8.1 on everyday! thank you!  #Microsoft,Microsoft,,
530105948258701312,Wed Nov 05 16:14:41 EST 2014,1415222081000,sds52,Fun with Product Placement: #Microsofts TV product placement horror: CNN mistakes Surface tabs for #iPAD STANDS ,Microsoft|iPAD,,http://t.co/Zk14eaNEDW
530105407725776897,Wed Nov 05 16:12:32 EST 2014,1415221952000,technews_google,Improved window animations and updated Notification Center coming in next Windows 10 preview #Microsoft #Windows10,Microsoft|Windows10,,http://t.co/EmfkBmxoT2
530105292386598912,Wed Nov 05 16:12:05 EST 2014,1415221925000,UnideskCorp,5 Reasons Why #VDI with #Microsoft #HyperV and #RDS is Poised to Take Off! ,VDI|Microsoft|HyperV|RDS,http://pbs.twimg.com/media/B1tLn7QIYAAmfRt.png,http://t.co/JJEA3c0NX3
530105239081197569,Wed Nov 05 16:11:52 EST 2014,1415221912000,PedroEstebanCR,#Microsoft Check Out These Promo Videos Of Acer’s Aspire Switch 12 The 2-in-1 That’s More Like ... #WindowsPhone,Microsoft|WindowsPhone,,http://t.co/tAr5roUm9v
530105147217960960,Wed Nov 05 16:11:30 EST 2014,1415221890000,SteveDigitalCOM,Steve Ballmer (Microsoft senior vice president of systems software) engages with a group of programmers. #Microsoft ,Microsoft,http://pbs.twimg.com/media/B1tP0k3CcAEekSa.png,
530104327302430720,Wed Nov 05 16:08:15 EST 2014,1415221695000,traviscannon319,Win A Surface Pro3 Bundle @  #surfacepro #microsoft #tablet ,surfacepro|microsoft|tablet,,http://t.co/AfzNeWgjaU|http://t.co/YXLnjs5Y6R
530104166786424832,Wed Nov 05 16:07:36 EST 2014,1415221656000,WBuzzer,Dell Reveals Its “Smart Desk” Workspace Of The Future Concept #microsoft ,microsoft,http://pbs.twimg.com/media/B1tO7kiCEAAIYvE.jpg,http://t.co/uhbWobs8eY
530103480069787648,Wed Nov 05 16:04:53 EST 2014,1415221493000,GeekGawk,#microsoft lists 100+ #Xbox 1 additions comes off desper8  #ps4 #XboxOne,microsoft|Xbox|ps4|XboxOne,,http://t.co/mmhUOq2Rqi
530102549345361920,Wed Nov 05 16:01:11 EST 2014,1415221271000,hausderyates,#yikes! #Microsoft #Surface loses on election night as #CNN commentators use it as #iPad #kickstand via @verge,yikes|Microsoft|Surface|CNN|iPad|kickstand,,http://t.co/iUh7iLIxGu
530102432161099777,Wed Nov 05 16:00:43 EST 2014,1415221243000,Jennifer_2124,#Microsoft Jumps Into the Growing Market for #Wearable Fitness #Technology ,Microsoft|Wearable|Technology,,http://t.co/cgRuAR6uml
530102423617302528,Wed Nov 05 16:00:41 EST 2014,1415221241000,mattbrown87,HA! CNN caught using #Microsoft #Surface as #iPad kickstand #tech #apple,Microsoft|Surface|iPad|tech|apple,,http://t.co/gDA9AtDTMo
530102291714830336,Wed Nov 05 16:00:09 EST 2014,1415221209000,9To5TechNews,Get Titanfall For Cheap On Amazon#Amazon #XboxOne #PC #TitanFall ,Microsoft|Amazon|XboxOne|PC|TitanFall,http://pbs.twimg.com/media/B1tNOXcCYAE9S1Z.jpg,http://t.co/uKAjRMXxzy
530102084377784320,Wed Nov 05 15:59:20 EST 2014,1415221160000,Navegatium,Yoga 3 Pro + Navegatium should be nice!this new possibility!#Yoga3Pro #Navegatium #Microsoft,Yoga3Pro|Navegatium|Microsoft,,http://t.co/WyxT8eWixh
530101965326680065,Wed Nov 05 15:58:52 EST 2014,1415221132000,RohitSinghSEO,#Microsoft Review: Urban Armor Gear for the Surface Pro 3 ,Microsoft,,http://t.co/9zqxhHiH6t
530101962197708800,Wed Nov 05 15:58:51 EST 2014,1415221131000,RohitSinghSEO,#Microsoft Join the party for the Halo: The Master Chief Collection launch at all Microsoft Stores on Monday ,Microsoft,,http://t.co/E3MtHHkY6u
530101630717657088,Wed Nov 05 15:57:32 EST 2014,1415221052000,hubtoys,#xamarinfr #xamarinstore found the monkey ! Thanks @micjames6 and #Microsoft ! Interresting conference.,xamarinfr|xamarinstore|Microsoft,,
530101036955230210,Wed Nov 05 15:55:10 EST 2014,1415220910000,alequaroni,#Microsoft #Band Review:The #Best #Fitness Band Today! ,Microsoft|Band|Best|Fitness,,http://t.co/CmLsNjpL44
530100987927986177,Wed Nov 05 15:54:58 EST 2014,1415220898000,DblChocFountain,#nitroscream #custom made #icecream at the #ago for #microsoft #theScoop #toronto #liveEvents… ,nitroscream|custom|icecream|ago|microsoft|theScoop|toronto|liveEvents,,http://t.co/hvZx1CG8LT
530100606652780544,Wed Nov 05 15:53:28 EST 2014,1415220808000,ErybodyJones,I Thought About LeBroning The XBOX But I Told Myself I Been In A Relationship Wit #Microsoft Too Long To Ditch It For #Sony,Microsoft|Sony,,
530100483625861120,Wed Nov 05 15:52:58 EST 2014,1415220778000,CareersCBA,Congrats to this weeks Twitter Tuesday winner @adscroggins1! Stop by 249 BD to pick up #Microsoft Office 365! #gethired #crimsoncareers,Microsoft|gethired|crimsoncareers,,
530100281644564480,Wed Nov 05 15:52:10 EST 2014,1415220730000,SearchCoIT,#Microsoft Office apps will soon connect to #Dropbox for #mobile productivity but IT may be skeptical ,Microsoft|Dropbox|mobile,,http://t.co/FzqARqoyDv
530100147401682944,Wed Nov 05 15:51:38 EST 2014,1415220698000,WBuzzer,Dell shows off “smart desk” workspace concept with its new $2499 27-inch Ultra HD… #microsoft ,microsoft,http://pbs.twimg.com/media/B1tLRnwCUAE6MzM.jpg,http://t.co/LhKoQytgZt
530100137129811968,Wed Nov 05 15:51:36 EST 2014,1415220696000,WBuzzer,German police searches 121 homes in piracy raid #microsoft ,microsoft,http://pbs.twimg.com/media/B1tLRBnCIAAnlWT.jpg,http://t.co/n3EL6sQv8z
530099616881315841,Wed Nov 05 15:49:32 EST 2014,1415220572000,ModernWorldHub,#social #socialmedia #CorpGov #battlerot Is #Google About to Destroy #Microsoft? ,social|socialmedia|CorpGov|battlerot|Google|Microsoft,,http://t.co/DtGYU3pKSh
530099017062309888,Wed Nov 05 15:47:09 EST 2014,1415220429000,philip_oreilly,CNN used #Microsoft Surface tablets as #iPad kickstands ,Microsoft|iPad,,http://t.co/Zeint760zY
530098988783910912,Wed Nov 05 15:47:02 EST 2014,1415220422000,Hippynz,At #Microsoft Modern Biz Roadshow in Hamilton some interesting stuff get to play with @Windows 10 & #Surface 3,Microsoft|Surface,,
530098966000828417,Wed Nov 05 15:46:56 EST 2014,1415220416000,ChrisByrneHETG,The Future of C# and Visual Basic - TechEd Europe #Microsoft Channel 9 ,Microsoft,,http://t.co/FeaInlXuqe
530098945783894017,Wed Nov 05 15:46:52 EST 2014,1415220412000,Gody,#Microsoft apparently makes good kickstands for #iPads,Microsoft|iPads,,http://t.co/XQFzaSBjJO
530098637045792768,Wed Nov 05 15:45:38 EST 2014,1415220338000,nashfrias,Apple is Still 2014s Most Valuable Brand #apple #interbrand #brand #google #microsoft #ibm #nokia #samsung #amazon,apple|interbrand|brand|google|microsoft|ibm|nokia|samsung|amazon,,http://t.co/aoBTKmaPom
530098470800334848,Wed Nov 05 15:44:58 EST 2014,1415220298000,jsblokland,The #Apple brand is worth twice as much as that of #Microsoft #Forbes says. ,Apple|Microsoft|Forbes,,http://t.co/LFsQfqDXm4
530097520265814016,Wed Nov 05 15:41:12 EST 2014,1415220072000,tracehillman,Apparently #Microsoft Outlook is a secret trekkie? #startrek #makeitso ,Microsoft|startrek|makeitso,,http://t.co/l8wY1pzVwt
530097420982820864,Wed Nov 05 15:40:48 EST 2014,1415220048000,SeanCarroll191,@pdubya100 the surface pro 3 is absolutely amazing! The staff at the #microsoft #surfacewebsummit stand were fantastic love it and win 8!,microsoft|surfacewebsummit,,
530096851152678912,Wed Nov 05 15:38:32 EST 2014,1415219912000,robcarpo,The new $199 Windows 8.1 notebook from Asus is now on sale (at $179): #Windows81 #Asus #Microsoft,Windows81|Asus|Microsoft,,http://t.co/cEfQf9xOHB
530096720906969088,Wed Nov 05 15:38:01 EST 2014,1415219881000,SearchCoIT,#Microsoft #Dropbox integrate for #mobile Office flexibility (by @JakeODonnell_TT) ,Microsoft|Dropbox|mobile,,http://t.co/kEp8V7azTB
530096499376402432,Wed Nov 05 15:37:08 EST 2014,1415219828000,pcgeek86,Arrived at #Microsoft Building 42 where all the answers are found. :),Microsoft,,
530096448726392833,Wed Nov 05 15:36:56 EST 2014,1415219816000,Altasia_Tech,The #Microsoft Daily! is out! Stories via @imaginecup @MicrosoftASIA @zonawindows,Microsoft,,http://t.co/23S7UFFvAK
530096262847029249,Wed Nov 05 15:36:12 EST 2014,1415219772000,WBuzzer,Xbox Live Struggling On Xbox One [UPDATE] #microsoft ,microsoft,http://pbs.twimg.com/media/B1tHvg3CEAAjd96.png,http://t.co/VrwRiCtZaR
530095859241717761,Wed Nov 05 15:34:36 EST 2014,1415219676000,YeLATimes,CNN commentators use #Microsoft Surface tablet as a stand fer iPads: Microsoft’s Surface… ,Microsoft,,http://t.co/qBhuzDSW9i
530095641066631168,Wed Nov 05 15:33:44 EST 2014,1415219624000,YeLATimes,CNN commentators use #Microsoft Surface tablet as a stand 4 iPads #AndersonCooper #CNNcommentators #MicrosoftSurface,Microsoft|AndersonCooper|CNNcommentators|MicrosoftSurface,,http://t.co/c8pjQDXSlL
530095634616184832,Wed Nov 05 15:33:42 EST 2014,1415219622000,JakeODonnell_TT,#Microsoft #Dropbox integrate for added mobile flexibility #CoIT,Microsoft|Dropbox|CoIT,,http://t.co/HjmBQO6ygn
530095533382070272,Wed Nov 05 15:33:18 EST 2014,1415219598000,manuelconti,#Microsoft #TEE14: My Top 25 Picks from Barcelona @BLO2M @sogetilabs,Microsoft|TEE14,,http://t.co/YcLwmKFnge
530095484858556417,Wed Nov 05 15:33:06 EST 2014,1415219586000,AhmedSami_17,LoooooL#CNN anchor caught on-air using a #Microsoft #Surface #tablet as an #iPad stand ,CNN|Microsoft|Surface|tablet|iPad,,http://t.co/S1D0qw8hrp
530095139948335104,Wed Nov 05 15:31:44 EST 2014,1415219504000,RagavObject,Lets know about the new features of #visualstudio2014 by #microsoft - on #cloudzoo,visualstudio2014|microsoft|cloudzoo,,http://t.co/PJHNL8uIJz
530095012802207744,Wed Nov 05 15:31:14 EST 2014,1415219474000,Jacobzawaq,I am so excited about my trip to #CapeTown With #Microsoft its going to be so much fun  #LumiaCapeTown #jacobzawaq ,CapeTown|Microsoft|LumiaCapeTown|jacobzawaq,http://pbs.twimg.com/media/B1tGmqyIgAA_lcv.png,
530094976282415104,Wed Nov 05 15:31:05 EST 2014,1415219465000,yashi,How to Install a #Linux #Distro #Windows #Microsoft,Linux|Distro|Windows|Microsoft,,http://t.co/cwmSYme7r5
530094909249048577,Wed Nov 05 15:30:49 EST 2014,1415219449000,HPSupport,#Howto tell if your computer is infected with spyware? #Microsoft to your rescue! #support ,Howto|Microsoft|support,,http://t.co/OnL2gl4gSq
530094372252319744,Wed Nov 05 15:28:41 EST 2014,1415219321000,4Tiles,#MixRadio takes music personalization to a whole new level #windows #Nokia #Microsoft #spotify,MixRadio|windows|Nokia|Microsoft|spotify,http://pbs.twimg.com/media/B1rvp5eCMAAXGqE.jpg,http://t.co/Gi8HkpNWEh
530094357181763585,Wed Nov 05 15:28:38 EST 2014,1415219318000,virtualpenny,A favorite 2014 #video: #Microsoft & #Citrix partnership #hosting #serviceprovider,video|Microsoft|Citrix|hosting|serviceprovider,,http://t.co/fmohgo2J8k
530094245332283393,Wed Nov 05 15:28:11 EST 2014,1415219291000,bart_humphries,#Microsoft today announces new privacy/security policy which will go into effect... three months ago. Say what? ,Microsoft,,http://t.co/t9uEOUpXc0
530094153041203201,Wed Nov 05 15:27:49 EST 2014,1415219269000,ChielBecker,#Microsoft #OneDrive Daily is out! ,Microsoft|OneDrive,,http://t.co/FYziZJD6IJ
530094027488505856,Wed Nov 05 15:27:19 EST 2014,1415219239000,PedroEstebanCR,#Microsoft Get Ready For “Halo Championship Series” From 343 Industries #WindowsPhone,Microsoft|WindowsPhone,,http://t.co/q5Sxu6nsx9
530093856566415360,Wed Nov 05 15:26:38 EST 2014,1415219198000,archwizard,?CNN used Surface tablets as iPad kickstands...#apple #microsoft ,apple|microsoft,,http://t.co/ntv3sGjheu
530093751171948544,Wed Nov 05 15:26:13 EST 2014,1415219173000,TehLATimes,CNN commentators use #Microsoft Surface tablet as a stand 4 iPads  #AndersonCooper #CNNcommentators #MicrosoftSurface,Microsoft|AndersonCooper|CNNcommentators|MicrosoftSurface,,http://t.co/qk5MGgpSCv
530093516148322304,Wed Nov 05 15:25:17 EST 2014,1415219117000,MichYvonneS,Win A Surface Pro3 Bundle @  #surfacepro #microsoft #tablet ,surfacepro|microsoft|tablet,,http://t.co/YTuS9HyqTZ|http://t.co/G0u8JMj5un
530093123515719682,Wed Nov 05 15:23:43 EST 2014,1415219023000,NtandoBrown,Soowoo! Film and photoshoot at Abbey Road for Microsoft today.. Cross that one off the bucket list #Microsoft #abbeyroad,Microsoft|abbeyroad,,
530092661047558144,Wed Nov 05 15:21:53 EST 2014,1415218913000,MarkletEllis,Boo! #Microsoft Why isnt Cortana in the UK?,Microsoft,,
530092586669977600,Wed Nov 05 15:21:35 EST 2014,1415218895000,t0rmania,Surface Pro 3 now available to US government agencies via @techrepublic  #microsoft...we like!,microsoft,,http://t.co/syCj0tyT3A
530092270188781568,Wed Nov 05 15:20:20 EST 2014,1415218820000,UKRapidFireDeal,Age of Empires II - Gold Edition (PC DVD) #microsoft #videogames #WhatMakesMeHappy ,microsoft|videogames|WhatMakesMeHappy,http://pbs.twimg.com/media/B1tEG_TIAAAcjuC.jpg,http://t.co/t721RdgMDl
530091990285705220,Wed Nov 05 15:19:13 EST 2014,1415218753000,WBuzzer,The best podcast apps for Windows Phone #microsoft ,microsoft,http://pbs.twimg.com/media/B1tD20SCcAAJIwF.jpg,http://t.co/hunhAiEyLL
530091978101243904,Wed Nov 05 15:19:10 EST 2014,1415218750000,WBuzzer,Microsoft Announces A New Plugin For IntelliJ And Android Studio To Connect With… #microsoft ,microsoft,http://pbs.twimg.com/media/B1tD2GrCUAA0W_h.jpg,http://t.co/DnwcBz6cwa
530091564023156736,Wed Nov 05 15:17:32 EST 2014,1415218652000,tomrose_,The @UnideskCorp journey to @windowsserver Hyper-V and #microsoft #rds begins. #MVPs try it tell us what you think. ,microsoft|rds|MVPs,,http://t.co/FRupqNyGXg
530091559413624832,Wed Nov 05 15:17:31 EST 2014,1415218651000,pcgeek86,The one thing that #Microsoft gets right every single time is scale. #mvpsummit #mvpbuzz,Microsoft|mvpsummit|mvpbuzz,,
530091129442934785,Wed Nov 05 15:15:48 EST 2014,1415218548000,nashfrias,Nokia HERE Maps to be Available on Android & iOS #nokia #here #maps #map #android #ios #lumia #microsoft #google,nokia|here|maps|map|android|ios|lumia|microsoft|google,,http://t.co/6kHN6Ixhg0
530090819252809728,Wed Nov 05 15:14:34 EST 2014,1415218474000,SpinTraining,We have lots of great classes still on the schedule in 2014! Check them out here: #sharepoint #training,Microsoft|sharepoint|training,,https://t.co/YRZRzOFLFd
530090749929324545,Wed Nov 05 15:14:18 EST 2014,1415218458000,tEHgEeKnEwS,How to buy an #Xbox One for less than $250 #Microsoft #Xbox360 #XboxOne ,Xbox|Microsoft|Xbox360|XboxOne,,http://t.co/wJqD19RSg9
530090649983266817,Wed Nov 05 15:13:54 EST 2014,1415218434000,PARKCOMM,#Microsoft #Dropbox team up to integrate with #Office 365 #wireless,Microsoft|Dropbox|Office|wireless,,http://t.co/41Zc0vnlfj
530090482677088258,Wed Nov 05 15:13:14 EST 2014,1415218394000,Tech_All,#Microsoft #News: Microsoft and Dropbox team up in mobile - USA TODAY ,Microsoft|News,,http://t.co/TMGma4hGCQ
530090200937279488,Wed Nov 05 15:12:07 EST 2014,1415218327000,preginald,Microsoft and Dropbox team up in mobile - USA TODAY #microsoft,microsoft,,http://t.co/odklR7HrFr
530090048851816449,Wed Nov 05 15:11:30 EST 2014,1415218290000,BuyBetterTech,Microsoft Surface product placement in CNN election coverage fails as iPads revealed behind them. #Microsoft #Apple ,Microsoft|Apple,,http://t.co/hgvAO0WeQB
530089626275696640,Wed Nov 05 15:09:50 EST 2014,1415218190000,757LiveAU,#Microsoft Lumia 830 coming Down Under - The Australian ,Microsoft,,http://t.co/lsFVc2MDao
530089587452829698,Wed Nov 05 15:09:40 EST 2014,1415218180000,luizsantiago,#Microsofts #Marketing Totally Backfired When CNN Used Its Devices as #iPad… via @adweek,Microsoft|Marketing|iPad,,http://t.co/Sd2xVJornc
530088876350521344,Wed Nov 05 15:06:51 EST 2014,1415218011000,vivek_msft,#Microsoft #DynamicsCRM and Thunderhead will partner to deliver complete solution for true customer engagement. ,Microsoft|DynamicsCRM,,http://t.co/UukH0mX1Ms
530088578219798530,Wed Nov 05 15:05:40 EST 2014,1415217940000,itsadamevans,A Judge Ordered #Microsoft to Split. Here’s Why It’s Still a Single Company #techtalk #biztalk,Microsoft|techtalk|biztalk,,http://t.co/Iu24k5HGeX
530088469708963840,Wed Nov 05 15:05:14 EST 2014,1415217914000,_BillHoran,#Apple #Microsoft And #Google Are Worlds Most Valuable #Brands #Marketing #Business,Apple|Microsoft|Google|Brands|Marketing|Business,,http://t.co/f6LbmvStuz
530088446380212224,Wed Nov 05 15:05:08 EST 2014,1415217908000,PWNEDCAST,Halo 5 has a leaked cut scene and people are not sure if its real or fake? You decided. #pwnedcast #halo5 #microsoft ,pwnedcast|halo5|microsoft,,http://t.co/CflvD21rU9
530088204154974208,Wed Nov 05 15:04:11 EST 2014,1415217851000,JaguarPC,Microsoft embracing Linux? Is the sky falling? #linux #microsoft #SQLserver #webhost,linux|microsoft|SQLserver|webhost,,http://t.co/VEIyypfpgS
530087922872356864,Wed Nov 05 15:03:04 EST 2014,1415217784000,MarNovO,#Microsoft demos breakthrough in real-time translated conversations: $MSFT,Microsoft,,http://t.co/JZ389aqow2
530087612933877760,Wed Nov 05 15:01:50 EST 2014,1415217710000,JarmoHaapala,#Citrix: ShareFile Connectors for #Microsoft Office 365  ,Citrix|Microsoft,,http://t.co/Uuk3zrpf5y|http://t.co/cG0PAf2WGk|http://t.co/GTR3v7KEyQ
530086796508807168,Wed Nov 05 14:58:35 EST 2014,1415217515000,ken_ingle,#Microsoft adding #Dropbox integration including syncing and sharing to Office for #iOS  ,Microsoft|Dropbox|iOS,,http://t.co/jR7V8WvFom
530086261034213376,Wed Nov 05 14:56:27 EST 2014,1415217387000,vivek_msft,Announcing pricing and licensing for #Microsoft #DynamicsCRM 2015. ,Microsoft|DynamicsCRM,,http://t.co/dIUvqWKJ2p
530086072340840449,Wed Nov 05 14:55:42 EST 2014,1415217342000,feelisgood,#OS #news - Windows 10 excitement growing among Dell customers - PCWorld  #windows #microsoft,OS|news|windows|microsoft,,
530086024530362368,Wed Nov 05 14:55:31 EST 2014,1415217331000,AllCreativeNY,CNN anchor caught on-air using a #Microsoft Surface tablet as #iPad stand @AllCreativeNY #funny #business  #retweet,Microsoft|iPad|funny|business|retweet,,http://t.co/dBTfMvBbKb
530086007275012096,Wed Nov 05 14:55:27 EST 2014,1415217327000,crowdmapped,Find #crowdfund #investors to help you develop your #mobile #app #apple #microsoft #android,crowdfund|investors|mobile|app|apple|microsoft|android,,http://t.co/HRMFoM8R0b
530085937049763841,Wed Nov 05 14:55:10 EST 2014,1415217310000,Wideo_Games,Microsoft: 2014 Is Big But 2015 For Xbox One Is Insanely Huge Fable Legend ... - Gamepur #xBox #Microsoft,xBox|Microsoft,,http://t.co/ihbsOQHbT9
530085632501370880,Wed Nov 05 14:53:57 EST 2014,1415217237000,KBSLearn,Upgraded to #Microsoft 2013? Please SHARE & recommend KBS for CORPORATE TRAINING! #Kamloops ,Microsoft|Kamloops,http://pbs.twimg.com/media/B1s-ErGIAAMSZqG.png,http://t.co/Cb32rK7iyK
530085393425633280,Wed Nov 05 14:53:00 EST 2014,1415217180000,cshanif,Access #Dropbox right from #Microsoft #Office apps ,Dropbox|Microsoft|Office,,http://t.co/piUtcVGN8l
530085106535260160,Wed Nov 05 14:51:52 EST 2014,1415217112000,adorableajay,completed #preview edition  #Xamarin.Forum #app #development book. Thank you #microsoft #xamarin download here ,preview|Xamarin|app|development|microsoft|xamarin,,http://t.co/4ZDFoYXqDA
530084776091582464,Wed Nov 05 14:50:33 EST 2014,1415217033000,ryan_ritter,I will be starting with #Microsoft this month as ATS in Columbus OH. The last three years of #Lync #O365 in large enterprise paved the way.,Microsoft|Lync|O365,,
530084420644917250,Wed Nov 05 14:49:09 EST 2014,1415216949000,miApples,Microsoft Offering FREE PC TUNE-UPS - US #tech #miApples,Microsoft|tech|miApples,,http://t.co/bEoHKG4ATS
530084277967650818,Wed Nov 05 14:48:35 EST 2014,1415216915000,papsl,Intimate Photos From the Golden Age of Silicon Valley /c @SusanKare #Apple #Microsoft,Apple|Microsoft,,http://t.co/8X7CMM8F2m
530084071821422592,Wed Nov 05 14:47:45 EST 2014,1415216865000,GiterDoneNews,CNN Anchors Proppd Up Their iPads wiv Surface Pro 3 Tablets Durin Election nite Coverage #CNNAnchors #microsoft ,CNNAnchors|microsoft,,http://t.co/om5xdYHSZr
530083967618514944,Wed Nov 05 14:47:21 EST 2014,1415216841000,BeatTheChip,.@normative It looks like #Microsoft isnt satisfied with warrant canaries they want to beat the State to cyberpunch ,Microsoft,,http://t.co/9wcxujYTGG
530083931740057600,Wed Nov 05 14:47:12 EST 2014,1415216832000,WBuzzer,Pricing and licensing updates announced for Microsoft Dynamics CRM 2015 #microsoft ,microsoft,http://pbs.twimg.com/media/B1s8hv_CEAAbYJ3.jpg,http://t.co/Dc4j6brig1
530083252867182592,Wed Nov 05 14:44:30 EST 2014,1415216670000,Joras91,#Microsoft #Surface loses on election night as #CNN commentators use it as #iPad kickstand | The Verge. Auch. ,Microsoft|Surface|CNN|iPad,,http://t.co/P4Wn1UM7xK
530082817498419200,Wed Nov 05 14:42:46 EST 2014,1415216566000,microsoft_agen,Glamorous Homes with JB Saeed Studio #microsoft ,microsoft,,http://t.co/1XK73kcV2E
530082817204826112,Wed Nov 05 14:42:46 EST 2014,1415216566000,designieure,#Microsoft #Band hands-on review - Review - ,Microsoft|Band,,http://t.co/qKNZBUWzYU
530082670903304192,Wed Nov 05 14:42:11 EST 2014,1415216531000,mobortho,Poor #microsoft ? ,microsoft,http://pbs.twimg.com/media/B1s7YWCIgAAUINf.jpg,
530082650984579072,Wed Nov 05 14:42:07 EST 2014,1415216527000,4Tiles,#Microsoft Expands Upload Beyond #XboxOne Now Available On Web And #Xbox 360 ,Microsoft|XboxOne|Xbox,,http://t.co/xVZ8l7ct5a
530082626518777856,Wed Nov 05 14:42:01 EST 2014,1415216521000,aualga,Check out Xbox 360 Elite Console AS-IS FOR PARTS OR REPAIR Now $20 Off!!!!! #Microsoft #Xbox360Elite via @eBay,Microsoft|Xbox360Elite,,http://t.co/ByyMRX4f8N
530082319936536576,Wed Nov 05 14:40:48 EST 2014,1415216448000,D_Felicetti,#Microsoft #Band Review: The #Best #Fitness Band Today! ,Microsoft|Band|Best|Fitness,,http://t.co/00y7kLZnkE
530082229947727872,Wed Nov 05 14:40:26 EST 2014,1415216426000,anBenedetti,#Microsoft announces major update to #Azure #SQLDatabase adds free tier to #Azure #MachineLearning,Microsoft|Azure|SQLDatabase|Azure|MachineLearning|AzureML,,http://t.co/JVrlQXUjiL
530081635438309379,Wed Nov 05 14:38:04 EST 2014,1415216284000,WinBetaDotOrg,Hospitals of the future are here thanks to Microsoft-powered devices #Microsoft #Windows,Microsoft|Windows,,http://t.co/kGxnRWb4ob
530081382970568704,Wed Nov 05 14:37:04 EST 2014,1415216224000,Nikunj_940,It was fun attending the event #TechEdIndia 2014 in Bangalore at the Lalit Ashok Hotel..! it was fun to learn much about #Microsoft Azure!,TechEdIndia|Microsoft,,
530080793121406977,Wed Nov 05 14:34:44 EST 2014,1415216084000,ClausRehfeld,Proud to be nominated as Microsoft BI partner of the year 2014. #Microsoft #BusinessIntelligence #PartnerOfTheYe…,Microsoft|BusinessIntelligence|PartnerOfTheYe,,http://t.co/DcwCnXQwLs
530080704156020736,Wed Nov 05 14:34:22 EST 2014,1415216062000,miApples,Microsoft and Dropbox Announce Strategic Partnership #Microsoft #miApples,Dropbox|Microsoft|miApples,,http://t.co/85zqtIz4G0
530080412916531200,Wed Nov 05 14:33:13 EST 2014,1415215993000,bhatiasachin,The best podcast apps for Windows Phone #WindowsPhone #Microsoft #Mobile ,WindowsPhone|Microsoft|Mobile,http://pbs.twimg.com/media/B1s5U66IUAAtyjD.jpg,http://t.co/OOpvyP6hIC
530080009269301248,Wed Nov 05 14:31:37 EST 2014,1415215897000,RagavObject,Lets know about the new features of #visualstudio2014 by #microsoft - on #cloudzoo,visualstudio2014|microsoft|cloudzoo,,http://t.co/PJHNL8uIJz
530079898220519424,Wed Nov 05 14:31:10 EST 2014,1415215870000,WBuzzer,Great Deals: Dell XPS 11 Laptop With QHD Display 128GB SSD For $707 And More #microsoft ,microsoft,http://pbs.twimg.com/media/B1s4295CIAARDWi.jpg,http://t.co/9dJF0rI3IE
530079892604346368,Wed Nov 05 14:31:09 EST 2014,1415215869000,WBuzzer,Microsoft: Hospitals Can Save Up To 60 Percent Of The Medical Images Storage Cost… #microsoft ,microsoft,http://pbs.twimg.com/media/B1s42o0CAAAMB89.jpg,http://t.co/gR92Hk4vjD
530079888108056577,Wed Nov 05 14:31:08 EST 2014,1415215868000,WBuzzer,Dell’s updated Venue 11 Pro 7000 Series tablet is thinner has fanless design #microsoft ,microsoft,http://pbs.twimg.com/media/B1s42YLCYAAXGpL.jpg,http://t.co/GFGJm6Twuf
530079862933831681,Wed Nov 05 14:31:02 EST 2014,1415215862000,dsmjaques,My new favorite formula =datedif(date today()m) #excel #microsoft,excel|microsoft,,
530079799054581761,Wed Nov 05 14:30:47 EST 2014,1415215847000,synergymx,Jabra Evolve 80: Serious business incredible sound #apple #mac #ios #windows #microsoft… ,apple|mac|ios|windows|microsoft,,http://t.co/GwZKQo99TM
530079026610970624,Wed Nov 05 14:27:42 EST 2014,1415215662000,RohitSinghSEO,#Microsoft The $199 Windows 8.1 notebook from Asus is now on sale at Amazon ,Microsoft,,http://t.co/euXQUigYQr
530077524773326848,Wed Nov 05 14:21:44 EST 2014,1415215304000,Tech_All,#Microsoft #News: As Xbox One turns 1 Microsoft touts hundreds of added features - CNET ,Microsoft|News,,http://t.co/PcnN5GZqRu
530077200163536896,Wed Nov 05 14:20:27 EST 2014,1415215227000,DuvoWebsites,Microsoft is slowly prepping OneDrive for music storage #Microsoft #OneDrive,Microsoft|OneDrive,,http://t.co/lURP38RTEv
530076551912509441,Wed Nov 05 14:17:52 EST 2014,1415215072000,TopXboxNews,As #XboxOne turns 1 #Microsoft touts hundreds of added features: The console has received lots of new feature... ,XboxOne|Microsoft,,http://t.co/tnQ244SQLo
530076492068569088,Wed Nov 05 14:17:38 EST 2014,1415215058000,Mess_ChawkiOS,Windows 10 may be coming to phones sooner than you think...#Microsoft #Windows10 ,Microsoft|Windows10,,http://t.co/h0mckKcKuB
530076323860193281,Wed Nov 05 14:16:58 EST 2014,1415215018000,RevolutionsHub,#social #socialmedia #CorpGov #battlerot Is #Google About to Destroy #Microsoft? ,social|socialmedia|CorpGov|battlerot|Google|Microsoft,,http://t.co/lNxq14hpGt
530076140266737665,Wed Nov 05 14:16:14 EST 2014,1415214974000,Rednekked_,CNN Anchors Proppd Up Their iPads wiv Surface Pro 3 Tablets Durin Election nite Coverage #CNNAnchors #microsoft ,CNNAnchors|microsoft,,http://t.co/trY2bQ1foO
530076065721360384,Wed Nov 05 14:15:57 EST 2014,1415214957000,tamerq,Trying out #Microsoft #Nokia #Lumia1325 i must say that I like what i see. Very intuitive and fast!,Microsoft|Nokia|Lumia1325,,
530075910779592704,Wed Nov 05 14:15:20 EST 2014,1415214920000,WBuzzer,Watch Daniel’s quick review of the Microsoft Band on the latest episode of Before… #microsoft ,microsoft,http://pbs.twimg.com/media/B1s1O3XCAAAS5ok.jpg,http://t.co/Y7YHydJJ7E
530075906971168768,Wed Nov 05 14:15:19 EST 2014,1415214919000,WBuzzer,Marston’s Pubs are now hot spots thanks to Microsoft Social Listening and… #microsoft ,microsoft,http://pbs.twimg.com/media/B1s1OpaCEAEgp2-.jpg,http://t.co/mNyrhbsVFM
530075903888343041,Wed Nov 05 14:15:18 EST 2014,1415214918000,WBuzzer,Chimpact 2 Family Tree swings into Windows and Windows Phone #microsoft ,microsoft,http://pbs.twimg.com/media/B1s1OdpCMAAea5M.jpg,http://t.co/xAVS5LlIWU
530075835068194816,Wed Nov 05 14:15:02 EST 2014,1415214902000,videowatchr,#CNN caught using #Microsoft Surface as #iPad kickstand via @cultofmac,CNN|Microsoft|iPad,,http://t.co/OCP4z62SAN
530074927828074496,Wed Nov 05 14:11:25 EST 2014,1415214685000,bridgeall,Read our latest blog on the new #Microsoft Social Listening tools ,Microsoft,http://pbs.twimg.com/media/B1s0VpgIQAEf8wK.jpg,http://t.co/R3rdeL3OUN
530074912124588033,Wed Nov 05 14:11:22 EST 2014,1415214682000,4Tiles,Watch @Daniel_Rubino review the #MicrosoftBand on latest Before You Buy #Microsoft #fitness,MicrosoftBand|Microsoft|fitness,http://pbs.twimg.com/media/B1srbuSCYAA1Gu-.jpg,http://t.co/i5kOBym46O
530074830214029312,Wed Nov 05 14:11:02 EST 2014,1415214662000,RohitSinghSEO,#Microsoft American Airlines yanks their app from Windows Phone reportedly drops support ,Microsoft,,http://t.co/vrWigN82Bs
530074728560865281,Wed Nov 05 14:10:38 EST 2014,1415214638000,JLA11,Wanted to get some stuff done but I have something in the way...#MissBarkley #microsoft #surface2rt… ,MissBarkley|microsoft|surface2rt,,http://t.co/t4flWEcRHl
530074530367406080,Wed Nov 05 14:09:51 EST 2014,1415214591000,TechEventsUK,Whats been your favourite #technology event of 2014? #Apple #Google #Microsoft?,technology|Apple|Google|Microsoft,,
530073999079112704,Wed Nov 05 14:07:44 EST 2014,1415214464000,eSurvWorld,#Microsoft adds #IoT big data orchestration services to #Azureby @ThorOlavsrud via @computerworld,Microsoft|IoT|Azure,,http://t.co/UJIzRnNSBM
530073574699450368,Wed Nov 05 14:06:03 EST 2014,1415214363000,lee_stott,congratuations to @SkaraTBR and their Steam launch!! NOT BAD GOING #indiedevhour @MSFTVenturesUK #Microsoft ,indiedevhour|Microsoft,http://pbs.twimg.com/media/B1sy9WOIQAI_LUv.png,
530073323036622848,Wed Nov 05 14:05:03 EST 2014,1415214303000,technews_google,Microsoft shows off all the new features they added to the Xbox One since launch #Microsoft #Xbox,Microsoft|Xbox,,http://t.co/pkY7tvwS8o
530073222809915392,Wed Nov 05 14:04:39 EST 2014,1415214279000,SheenikaWilson,CNN election commentators use #Microsoft Surface … to hide #iPads ,Microsoft|iPads,,http://t.co/DPGBGa2FbD
530072874099699712,Wed Nov 05 14:03:16 EST 2014,1415214196000,KutGeorges,DRM watching you by Microsoft    #drm #kinect #microsoft #protecthumanity #vod #windows2,drm|kinect|microsoft|protecthumanity|vod|windows2,,http://t.co/rEHOKvU08n
530072841937780736,Wed Nov 05 14:03:08 EST 2014,1415214188000,AGLeventisPlc,We want to invest in Nigeria & we want to be present in one of Africa’s largest markets#Nigeria #Microsoft,Invest|Nigeria|Microsoft,,http://t.co/QgR5oNYiqt
530072820173139968,Wed Nov 05 14:03:03 EST 2014,1415214183000,AhmadWahid1,Leaked #specs of first ever #Microsoft branded RM-1090 suggests entry level #Lumia 535: We recently saw the leaked… ,specs|Microsoft|Lumia,,http://t.co/6KrcxneUsP
530072592150200320,Wed Nov 05 14:02:08 EST 2014,1415214128000,CardinalNow,Looking forward to hearing Jeff Jones Dir of #Cloud Platform Sales for #Microsoft deliver the keynote at tomorrows #MSFTInnovationSummit!,Cloud|Microsoft|MSFTInnovationSummit,,
530072542200205312,Wed Nov 05 14:01:56 EST 2014,1415214116000,lee_stott,#indiedevhour join me for a great afternoon of learning about cloud and web #Microsoft,indiedevhour|Microsoft,,http://t.co/KAR8uanOUb
530072336691523584,Wed Nov 05 14:01:08 EST 2014,1415214068000,danielbpatton,#Microsoft Employees Tired with So Many Internal Changes MT @SeanKyleBordner,Microsoft,,http://t.co/AkpHr2aUBf
530072152008298496,Wed Nov 05 14:00:23 EST 2014,1415214023000,Weboffy,20 years ago some browsers didnt even support images.Thanks to #Microsoft & Sir #Bill_Gates for their... ,Microsoft|Bill_Gates,,http://t.co/wFEFCEIc3U
530072138078646273,Wed Nov 05 14:00:20 EST 2014,1415214020000,WBuzzer,We’re giving away the Microsoft Band! #microsoft ,microsoft,http://pbs.twimg.com/media/B1sxzQ3CcAESW2V.jpg,http://t.co/FMQ8dMfD42
530072127982927872,Wed Nov 05 14:00:18 EST 2014,1415214018000,WBuzzer,‘Halo Championship Series’ announced for pro players and enthusiasts #microsoft ,microsoft,http://pbs.twimg.com/media/B1sxyrqCcAEHR5t.jpg,http://t.co/muj6kQEAQD
530071858788720640,Wed Nov 05 13:59:14 EST 2014,1415213954000,TheITJobBoard,[BLOG] The 5 Most Exciting #Tech Research Projects Underway #IBMWatson #googlex #Google #Microsoft #wearabletech,Tech|IBMWatson|googlex|Google|Microsoft|wearabletech,,http://t.co/SNpFIyZjIw
530071256305909760,Wed Nov 05 13:56:50 EST 2014,1415213810000,freearea98,#Microsoft StyleEase: Microsoft Word add-on to simplify writing papers in APA MLA and Chicago/turabian Style. ,Microsoft,,http://t.co/qYCoZddVhL
530071254045175809,Wed Nov 05 13:56:49 EST 2014,1415213809000,freearea98,#Microsoft Dupeoff - Online Plagiarism And Duplicate Content Detection Software: Dupeoff Makes It Easy To Chec... ,Microsoft,,http://t.co/eJUXoLDTzV
530071248244453377,Wed Nov 05 13:56:48 EST 2014,1415213808000,dobly79,#Microsoft StyleEase: Microsoft Word add-on to simplify writing papers in APA MLA and Chicago/turabian Style. ,Microsoft,,http://t.co/oTCZdSjjR3
530071246868738048,Wed Nov 05 13:56:48 EST 2014,1415213808000,dobly79,#Microsoft Writing Screenplays Script Formatting Add-in For Microsoft Word: Writing Screenplays Converts Micro... ,Microsoft,,http://t.co/X4YptkdpV1
530071245807575040,Wed Nov 05 13:56:47 EST 2014,1415213807000,dobly79,#Microsoft Dupeoff - Online Plagiarism And Duplicate Content Detection Software: Dupeoff Makes It Easy To Chec... ,Microsoft,,http://t.co/BoSmnEbywB
530070026515410944,Wed Nov 05 13:51:57 EST 2014,1415213517000,rajsmurthy,Best use of a surface tablet - a stand for the ipad #tablets #surface #microsoft #ipad,tablets|surface|microsoft|ipad,,http://t.co/Mnfcm5IE8N
530070021738094592,Wed Nov 05 13:51:56 EST 2014,1415213516000,waqasmughal,#DropBox now integrated with #Microsoft #Office - ,DropBox|Microsoft|Office,,http://t.co/oUuCNxrpdr
530069734315020288,Wed Nov 05 13:50:47 EST 2014,1415213447000,GregDBrainard,#CNN caught using #Microsoft #Surface as #iPad #kickstand ,CNN|Microsoft|Surface|iPad|kickstand,,http://t.co/VBYwyMZbus
530069561534869504,Wed Nov 05 13:50:06 EST 2014,1415213406000,ikuw,Microsoft making friends with Dropbox  #microsoft #dropbox ,microsoft|dropbox,,http://t.co/wbFAN2nm3Y
530068756702044160,Wed Nov 05 13:46:54 EST 2014,1415213214000,infocrowler,New post: #Cellphones #Microsoft #Windows10 Microsoft Reportedly Testing Windows 10 For Phones ,Cellphones|Microsoft|Windows10,,http://t.co/6TKtHMwdOA
530068704940158976,Wed Nov 05 13:46:42 EST 2014,1415213202000,infocrowler,New post: #Computers #iPad #Microsoft Microsoft Surface Product Placement On CNN Goes Wrong Because Of iPads ,Computers|iPad|Microsoft,,http://t.co/61RWUutqL9
530068092001742848,Wed Nov 05 13:44:15 EST 2014,1415213055000,metrotechdirect,Weve got #Microsoft #Access 2013 PKC at $97.99 Contact your #metrotechdirect rep for info! ,Microsoft|Access|metrotechdirect,http://pbs.twimg.com/media/B1suHtBIIAATF2X.jpg,
530067933427298304,Wed Nov 05 13:43:38 EST 2014,1415213018000,WBuzzer,Microsoft preps preview of new version of its Azure SQL database-as-a-service #microsoft ,microsoft,http://pbs.twimg.com/media/B1st-hnCYAAcweO.jpg,http://t.co/I93OlG7ScC
530067930411585537,Wed Nov 05 13:43:37 EST 2014,1415213017000,WBuzzer,How to buy an Xbox One for less than $250 #microsoft,microsoft,,http://t.co/42xRvnL34F
530067928419278848,Wed Nov 05 13:43:36 EST 2014,1415213016000,WBuzzer,Xbox Live Struggling On Xbox One #microsoft ,microsoft,http://pbs.twimg.com/media/B1st-O3CIAA3Gb9.png,http://t.co/6CHccDJfgh
530067645551628288,Wed Nov 05 13:42:29 EST 2014,1415212949000,seminarinfo,Advanced #Training for #Microsoft #Excel Monday in #SanFrancisco Tuesday in #SanJose #California ,Training|Microsoft|Excel|SanFrancisco|SanJose|California,,https://t.co/4qlF90L2ua
530067222027186177,Wed Nov 05 13:40:48 EST 2014,1415212848000,Andrefied,#Microsoft gives out free access to its #AzureMachineLearning service ,Microsoft|AzureMachineLearning,,http://t.co/0vw10ZBD0I
530067203576434688,Wed Nov 05 13:40:44 EST 2014,1415212844000,Entfame,#Microsoft gives out free access to its #AzureMachineLearning service ,Microsoft|AzureMachineLearning,,http://t.co/Bw77HbLpM7
530066686469476352,Wed Nov 05 13:38:40 EST 2014,1415212720000,aloznaa,So the question is: Should a buy the year-old #Microsoft #Lumia 1520 for $99 the new mid range 830 for $99 or wait for whats new?,Microsoft|Lumia,,
530066652650815489,Wed Nov 05 13:38:32 EST 2014,1415212712000,yogahealthylife,SALE on Microsoft XBOX KINECT Games Controllers and Accessories #SALE #DEAL #MICROSOFT #XBOX at ,SALE|DEAL|MICROSOFT|XBOX,,http://t.co/Dwb7tPUB3N
530066441098502144,Wed Nov 05 13:37:42 EST 2014,1415212662000,SergioKeyOnline,@WindowsSupport so I should probably not even bother asking #Microsoft about tech support! #failtechsupport,Microsoft|failtechsupport,,
530066201536659457,Wed Nov 05 13:36:45 EST 2014,1415212605000,D_R_Marti,#Microsoft #Dynamics #CRM is a very #sophisicated product but the #customerservice is not acceptable...#waitingline,Microsoft|Dynamics|CRM|sophisicated|customerservice|waitingline,,
530066180912852993,Wed Nov 05 13:36:40 EST 2014,1415212600000,nsienaert,The first people that worked for #microsoft ,microsoft,http://pbs.twimg.com/media/B1ssYeICUAAS1lB.jpg,
530065805887553536,Wed Nov 05 13:35:10 EST 2014,1415212510000,feelisgood,#OS #news - Microsoft cracks open Windows licensing — a bit — for a BYOD world - Gigaom  #windows #microsoft,OS|news|windows|microsoft,,
530065306438213632,Wed Nov 05 13:33:11 EST 2014,1415212391000,GeekInfoNow,Busted! Surface tablets used as iPad stands during CNN election coverage #Microsoft #Apple #Cnn #Tablet,Microsoft|Apple|Cnn|Tablet,,http://t.co/pi5dliOjUF
530065030155632641,Wed Nov 05 13:32:05 EST 2014,1415212325000,RagavObject,Lets know about the new features of #visualstudio2014 by #microsoft - on #cloudzoo,visualstudio2014|microsoft|cloudzoo,,http://t.co/PJHNL8uIJz
530064962001973248,Wed Nov 05 13:31:49 EST 2014,1415212309000,Flow_Intocable,If Xbox live can come back on thatll be great. #XboxOne #Xbox #Microsoft,XboxOne|Xbox|Microsoft,,
530064772159774720,Wed Nov 05 13:31:04 EST 2014,1415212264000,micahyost,#microsoft Surface makes a great iPad stand… ,microsoft,,http://t.co/u5nidRweh1
530064624092459008,Wed Nov 05 13:30:29 EST 2014,1415212229000,D_R_Marti,Tried to resign a microsoft dynamics crm account for 2.5 hours with no success. similar experiences? #Microsoft #dynamics #crm,Microsoft|dynamics|crm,,
530064030032203776,Wed Nov 05 13:28:07 EST 2014,1415212087000,A_Mattenet,#Microsoft #Surface product placement in CNN election coverage fails as #iPads revealed behind them >> #Fail #LOL,Microsoft|Surface|iPads|Fail|LOL,,http://t.co/MVroiOMoLO
530063792185430016,Wed Nov 05 13:27:10 EST 2014,1415212030000,WBuzzer,Windows 10 excitement growing among Dell customers #microsoft ,microsoft,http://pbs.twimg.com/media/B1sqNd2CAAA3M3k.jpg,http://t.co/MFz5UAVDOW
530063783247364097,Wed Nov 05 13:27:08 EST 2014,1415212028000,WBuzzer,Eee brand returns as 11-inch ASUS EeeBook X205 Windows 8.1 laptop goes on sale… #microsoft ,microsoft,http://pbs.twimg.com/media/B1sqM8vCUAA6AiG.jpg,http://t.co/Smp2nZO8If
530063569363410947,Wed Nov 05 13:26:17 EST 2014,1415211977000,matthewdoolanx,@burneylaa haha go on my son #xbox #alltheway #ilovebillgates #xboxwayoflife #microsoft #againstmodernps4,xbox|alltheway|ilovebillgates|xboxwayoflife|microsoft|againstmodernps4,,
530063500018987008,Wed Nov 05 13:26:01 EST 2014,1415211961000,PendletnGazette,#Microsoft Office adds Dropbox integration #TechSpotvCast ,Microsoft|TechSpotvCast,,http://t.co/kGUIEKq6w5
530063169277161472,Wed Nov 05 13:24:42 EST 2014,1415211882000,levalencia,Microsoft preps preview of new version of its Azure SQL database-as-a-service on #microsoft,microsoft,,http://t.co/i8RecC9Gqz
530062962292056064,Wed Nov 05 13:23:52 EST 2014,1415211832000,VideoGameNewsXP,Halo gets serious about eSports with the Halo ... - #ESL #HaloChannel #HCS #Microsoft ,ESL|HaloChannel|HCS|Microsoft,http://pbs.twimg.com/media/B1spdKTCUAAQgoZ.jpg,http://t.co/MoQsNQTaaq
530062643302653953,Wed Nov 05 13:22:36 EST 2014,1415211756000,seanjregan,#Dropbox #Microsoft Partnership is huge Smart integration of Harmony w/ Exchange & Mailbox will make old DBX referral model look slow,Dropbox|Microsoft,,
530062584503099392,Wed Nov 05 13:22:22 EST 2014,1415211742000,cxromos,amazing #intellisense and #bing code search,microsoft|intellisense|bing,,http://t.co/BnQ1ZYQrbw
530061935388397568,Wed Nov 05 13:19:48 EST 2014,1415211588000,scotty321,#Microsoft #Surface product placement in CNN election coverage fails as #Apple #iPads revealed behind them. ,Microsoft|Surface|Apple|iPads,,http://t.co/c0yaAhyT3z
530061588816875520,Wed Nov 05 13:18:25 EST 2014,1415211505000,thefrustum,Reflog: The best iPad Kick Stand #iPad #Microsoft #Surface #Marketing,iPad|Microsoft|Surface|Marketing,,http://t.co/M6S5IarjYV
530061369576398848,Wed Nov 05 13:17:33 EST 2014,1415211453000,__hdkuelsoocjjj,Microsoft preps preview of new version of its Azure SQL database-as-a-service #Microsoft,Microsoft,,http://t.co/4k013lcayS
530061367705759744,Wed Nov 05 13:17:32 EST 2014,1415211452000,54j33dh4,Microsoft preps preview of new version of its Azure SQL database-as-a-service: Microsoft is prepari... #microsoft,microsoft,,http://t.co/6rYN1ORdTs
530061355911376896,Wed Nov 05 13:17:29 EST 2014,1415211449000,BillLampert,Another step in the right direction for #Microsoft | @WIRED Dropbox Deal Shows Its Finally Starting to Get Mobile ,Microsoft,,http://t.co/UT4dX2RzdJ
530061295874506753,Wed Nov 05 13:17:15 EST 2014,1415211435000,microsoft_agen,Switching from Waterfall to Scrum Midstream #microsoft ,microsoft,,http://t.co/EIQHx2KQ9v
530060832923582464,Wed Nov 05 13:15:25 EST 2014,1415211325000,Sathyaish,A large majority of working programmers dont know basic stuffFeel free to attend this#training #free,microsoft|training|free,,http://t.co/quVwTqWlxx
530060609518194689,Wed Nov 05 13:14:32 EST 2014,1415211272000,gadgetist,#Microsoft #Surface3: the worlds most expensive #iPad #kickstand ,Microsoft|Surface3|iPad|kickstand,,http://t.co/3kKiavlAej
530060518258524160,Wed Nov 05 13:14:10 EST 2014,1415211250000,RedneckJournal,Review: Microsoft Band Doesnt Live Up to Expectations    #microsoft #microsoftexecs,microsoft|microsoftexecs,,http://t.co/IvrFkg8kPT
530060415149957121,Wed Nov 05 13:13:45 EST 2014,1415211225000,HighEnd_Gear,#Amazon USA : #Xbox 360 250GB Holiday Value Bundle by #Microsoft for $299.99 ,Amazon|Xbox|Microsoft,,http://t.co/ruedE23tZR
530060256664371201,Wed Nov 05 13:13:07 EST 2014,1415211187000,absITsolution,Stop Bashing #Microsoft: 5 Ways In Which Theyre Awesome ,Microsoft,,http://t.co/BTWoCatxmj
530059976698380288,Wed Nov 05 13:12:01 EST 2014,1415211121000,PYXERAGlobal,#Microsoft @4Afrika uses white space #innovation to provide #African communities w/ internet access. @BeNewGlobal,Microsoft|innovation|African,,http://t.co/9kh5f7FPXh
530059933878722560,Wed Nov 05 13:11:50 EST 2014,1415211110000,WBuzzer,Using Bing Maps | Visual Studio Toolbox #microsoft,microsoft,,http://t.co/lycVm1T84l
530059625052512256,Wed Nov 05 13:10:37 EST 2014,1415211037000,_bluaura,#Microsoft Teams Up With #Dropbox ,Microsoft|Dropbox,,http://t.co/nsQ5aw504i
530059573596807168,Wed Nov 05 13:10:25 EST 2014,1415211025000,followbeezy,#Microsoft releases new City Art Search app to help users search for famous art works around the world #windows8 ,Microsoft|windows8,,http://t.co/q3i49MdhH1
530059507603611648,Wed Nov 05 13:10:09 EST 2014,1415211009000,RohitSinghSEO,#Microsoft Microsoft preps preview of new version of its Azure SQL database-as-a-service ,Microsoft,,http://t.co/SzymvD2qFS
530059046712143872,Wed Nov 05 13:08:19 EST 2014,1415210899000,SPDenver,From Inside the #Cloud: What does #Microsoft do to prepare for emerging #security threats to #Office365? ,Cloud|Microsoft|security|Office365,,http://t.co/AQDLtx0Jxv
530058977548447745,Wed Nov 05 13:08:02 EST 2014,1415210882000,SvenC,Another activity tracker. Can #Microsoft compete in this crowded market? Microsoft Takes Another Stab at #Health ,Microsoft|Health,,http://t.co/TInYET3hh0
530058956295929857,Wed Nov 05 13:07:57 EST 2014,1415210877000,Gopic,#CNN Discovers #SurfacePros Make Fantastic #iPad Stands. CNN forced use #Microsoft products. Go $AAPL or go home.,CNN|SurfacePros|iPad|Microsoft,,http://t.co/a9hd4jdwjJ
530058602505973760,Wed Nov 05 13:06:33 EST 2014,1415210793000,MagdaAbuFadil,#Apple #Microsoft And #Google Are Worlds Most Valuable Brands via @forbes,Apple|Microsoft|Google,,http://t.co/OOFVBaoyRl
530058516963532800,Wed Nov 05 13:06:13 EST 2014,1415210773000,the_real_bowman,Microsoft Band Review: The Best Fitness Band Today!  #microsoftband #microsoft #msband,microsoftband|microsoft|msband,,http://t.co/H3vJd5lm46
530058427918483456,Wed Nov 05 13:05:51 EST 2014,1415210751000,BWOneDotCom,Microsoft Band Review: The Best Fitness Band Today!  #microsoftband #microsoft #msband,microsoftband|microsoft|msband,,http://t.co/kdr01xf4WF
530058379012472832,Wed Nov 05 13:05:40 EST 2014,1415210740000,govindsyadav,#microsoft got strategic partnership with #salesforce and now with #dropbox(just read)great moves towards #collaborationwhat next on list?,microsoft|salesforce|dropbox|collaboration,,
530058108476084224,Wed Nov 05 13:04:35 EST 2014,1415210675000,khdmhn007,Review: #Microsoft Band Doesn’t Live Up to Expectations ,Microsoft,,http://t.co/yK6TXF6miQ
530057793957797888,Wed Nov 05 13:03:20 EST 2014,1415210600000,mobileworldlive,#Dropbox announces #Microsoft partnership Windows Phone app ,Dropbox|Microsoft,,http://t.co/B06hMrEv9j
530057760382005249,Wed Nov 05 13:03:12 EST 2014,1415210592000,algoworks,#Report : Youll be able to stream #Xbox Music from #Microsoft OneDrive @XboxSupport @MSFTnews #XboxOne #xboxlive,Report|Xbox|Microsoft|XboxOne|xboxlive,,http://t.co/iWUWAxUNVY
530057459164266496,Wed Nov 05 13:02:00 EST 2014,1415210520000,F3DynamicsAx,Folio3 offers #Microsoft #Dynamics AX Development Services for various Industries like food retail supply chain --> ,Microsoft|Dynamics,,http://t.co/YuDJYQZY6x
530057300858658816,Wed Nov 05 13:01:23 EST 2014,1415210483000,Miss_K_Vang,Swear that Tune on that Microsoft advert uses the word n*gga #microsoft,microsoft,,
530057263600242689,Wed Nov 05 13:01:14 EST 2014,1415210474000,WinBetaDotOrg,Dell upgrades their tablets and displays to stay on the bleeding edge #Microsoft #Dell,Microsoft|Dell,,http://t.co/RAmqYgRCiS
530057240426737664,Wed Nov 05 13:01:08 EST 2014,1415210468000,technews_google,Dell upgrades their tablets and displays to stay on the bleeding edge #Microsoft #Dell,Microsoft|Dell,,http://t.co/CeeXvMBjMp
530057197162885120,Wed Nov 05 13:00:58 EST 2014,1415210458000,Finderio,Information about Omo-Lucky Anthony #Negotiation #Budgets #Research #Public #Engineer #career #Microsoft,Negotiation|Budgets|Research|Public|Engineer|career|Microsoft,,http://t.co/mWeCuH0atZ
530057053297840128,Wed Nov 05 13:00:24 EST 2014,1415210424000,mgargan1,Experience #Microsoft Dynamics GP today! This self-guided tour will show you how #MSDynGP can help you win faster! ,Microsoft|MSDynGP,,http://t.co/RTJQSFlCcw
530057016908054529,Wed Nov 05 13:00:15 EST 2014,1415210415000,xboxwiips,iTunes:Love It When You Call The Feeling Xbox Soundtracks Presents: Start #xbox #microsoft #sougofollow #??????,xbox|microsoft|sougofollow|??????,,http://t.co/HvyDZ5U2zL
530056590364127233,Wed Nov 05 12:58:33 EST 2014,1415210313000,adsensejob,#Microsofts Bing hopes to bag market share with ... search apps #news #jobs #cachejobs #jobsila #bing ,Microsoft|news|jobs|cachejobs|jobsila|bing,,http://t.co/81dwZgg63v
530056521707962368,Wed Nov 05 12:58:17 EST 2014,1415210297000,EximiusConcepts,LOL!!! CNN Discovers Promotional Surface Pros Make Fantastic iPad Stands #burn #microsoft ,burn|microsoft,,http://t.co/glB3VSNw01
530056520428683265,Wed Nov 05 12:58:17 EST 2014,1415210297000,cloudmoneyblog,LOL!!! CNN Discovers Promotional Surface Pros Make Fantastic iPad Stands #burn #microsoft ,burn|microsoft,,http://t.co/efHTsYpZIq
530055874992033792,Wed Nov 05 12:55:43 EST 2014,1415210143000,DelightApostle,#Microsoft #Surface loses on election night as #CNN commentators use it as #iPad kickstand via @verge,Microsoft|Surface|CNN|iPad,,http://t.co/Xdh04jflLn
530055812920926209,Wed Nov 05 12:55:28 EST 2014,1415210128000,THAREALPATB,Check out Matt Weinberger 24hr of windows phone Low market share is due to app developers #windowsphone #microsoft,windowsphone|microsoft,,http://t.co/7hWEG6nCLE
530055741994844160,Wed Nov 05 12:55:11 EST 2014,1415210111000,WBuzzer,Google Play Store will restock the Nexus 6 on Wednesdays #microsoft ,microsoft,http://pbs.twimg.com/media/B1si44yCEAAuGcs.jpg,http://t.co/mCgdNPixsn
530055546947129345,Wed Nov 05 12:54:25 EST 2014,1415210065000,_Software_News,#Microsoft Kicks #Windows 8 to the Curb ,Microsoft|Windows,,http://t.co/CCBxosL5qk
530055427380092928,Wed Nov 05 12:53:56 EST 2014,1415210036000,bayourunners,Win A Surface Pro3 Bundle @  #surfacepro #microsoft #tablet ,surfacepro|microsoft|tablet,,http://t.co/sTBlAlXLf5|http://t.co/YffyaoW20L
530055415241781248,Wed Nov 05 12:53:53 EST 2014,1415210033000,PedroEstebanCR,#Microsoft Joe Belfiore Talks About New Features In Windows 10 For The Enterprise (Video) #WindowsPhone,Microsoft|WindowsPhone,,http://t.co/eOXemqzBQI
530055359604748288,Wed Nov 05 12:53:40 EST 2014,1415210020000,bmess,@WebDevStudios in the house! #microsoft #wds #wordpress #work ,microsoft|wds|wordpress|work,http://pbs.twimg.com/media/B1siioKIgAEv9IU.jpg,
530055055157002242,Wed Nov 05 12:52:27 EST 2014,1415209947000,GamerChatWeekly,I uploaded a new track Gamer Chat Weekly 89 (Smash U) on @spreaker #consoles #extralife #games #microsoft ,consoles|extralife|games|microsoft,,http://t.co/XajvGJdsCy
530054761853100032,Wed Nov 05 12:51:17 EST 2014,1415209877000,jobsila_com,#Microsofts Bing hopes to bag market share with ... search apps #news #jobs #cachejobs #jobsila #bing ,Microsoft|news|jobs|cachejobs|jobsila|bing,,http://t.co/pMmuYdWQSH
530054460169801728,Wed Nov 05 12:50:05 EST 2014,1415209805000,fritopunk,Maybe @BillGates should be concerned with the Surface failure Xbox tech support is TERRIBLE #Microsoft #Xbox #XboxOne,Microsoft|Xbox|XboxOne,,http://t.co/PrBuvh8lut
530053521886810113,Wed Nov 05 12:46:22 EST 2014,1415209582000,SilviaDurruthy,The battle continues: #Microsoft Surface loses on election night as CNN commentators use it as iPad kickstand ,Microsoft,,http://t.co/UmISfeFBRW
530053354215706625,Wed Nov 05 12:45:42 EST 2014,1415209542000,crafterei,Surface 2 / Surface 2 PRO Felt Sleeve | LACE | | #surface #microsoft #case #Surface2Pro #Surface2,surface|microsoft|case|Surface2Pro|Surface2,,http://t.co/dsy8xzymBv
530051704994009088,Wed Nov 05 12:39:09 EST 2014,1415209149000,WBuzzer,New Lync 2013 app update now includes Windows Phone 8.1 support #microsoft ,microsoft,http://pbs.twimg.com/media/B1sfN54CYAAy2xp.jpg,http://t.co/yietVCe55g
530050451186536448,Wed Nov 05 12:34:10 EST 2014,1415208850000,marcpasquarelli,Database design course big take away? Ctrl+z and Ctrl+f. #waistoftime #nerd #geek #Microsoft #OfficeLife,waistoftime|nerd|geek|Microsoft|OfficeLife,,
530050346383839232,Wed Nov 05 12:33:45 EST 2014,1415208825000,hannahl_cableuk,Should #Microsoft be allowing gamers to order pizza via their #Xbox ?Fascinating blog by @DanHowdle #gaming,Microsoft|Xbox|gaming,,http://t.co/EByZxbkI4q
530049988794261505,Wed Nov 05 12:32:19 EST 2014,1415208739000,Aoandosaraki,#Microsoft gives CNN commentators Surface tablets for election coverage but they dont care ,Microsoft,http://pbs.twimg.com/media/B1sdbk4IYAEP6uM.jpg,http://t.co/uKpBGNMze7
530049596299702272,Wed Nov 05 12:30:46 EST 2014,1415208646000,ERPfocus,.#Dropbox and #Microsoft put away the boxing gloves with new integration via @diginomica,Dropbox|Microsoft,,http://t.co/x23InUYwPU
530049286932029440,Wed Nov 05 12:29:32 EST 2014,1415208572000,TomMSFT,Dell just made their 11-inch Windows 8.1 tablet faster and lighter #microsoft #windows #dell ,microsoft|windows|dell,http://pbs.twimg.com/media/B1scqkiIAAEDmfS.jpg,http://t.co/AHzWsHbk1R
530049169168543744,Wed Nov 05 12:29:04 EST 2014,1415208544000,mkasanm,Now Windows Phone has a digital wallet that works where Apple Pay does #applepay #microsoft ,applepay|microsoft,http://pbs.twimg.com/media/B1scpBZIYAAqOcn.jpg,http://t.co/xL2CqI1irW
